,drawdown
2016-01-04,0.0
2016-01-05,0.0
2016-01-06,0.0
2016-01-07,-0.06493801141846367
2016-01-08,-0.06312660874931897
2016-01-11,-0.1082072991043439
2016-01-12,-0.1034079250985449
2016-01-13,-0.10240169433090163
2016-01-14,-0.08425851880408919
2016-01-15,-0.10044611417555371
2016-01-18,-0.09811721107455151
2016-01-19,-0.06809200670588222
2016-01-20,-0.06679636627944241
2016-01-21,-0.0819955345004898
2016-01-22,-0.05627715828331792
2016-01-25,-0.038948857637173484
2016-01-26,-0.08657043174674517
2016-01-27,-0.09438463364068284
2016-01-28,-0.11026089255732063
2016-01-29,-0.11117898537549764
2016-02-01,-0.11117898537549764
2016-02-02,-0.08392556557913566
2016-02-03,-0.07511899910031561
2016-02-04,-0.0418874946958413
2016-02-05,-0.04488864260248571
2016-02-15,-0.04705283298193219
2016-02-16,-0.024209038808475025
2016-02-17,-0.013334787264297487
2016-02-18,-0.01738578048795003
2016-02-19,-0.010447600797663381
2016-02-22,0.0
2016-02-23,-0.0015848415589461151
2016-02-24,0.0
2016-02-25,-0.04414867773031439
2016-02-26,-0.044573086322822086
2016-02-29,-0.0803389971882531
2016-03-01,-0.05803509822886099
2016-03-02,-0.020959330167348633
2016-03-03,-0.016678773032914207
2016-03-04,-0.04560317930723323
2016-03-07,-0.016487037358756895
2016-03-08,-0.00975264436739487
2016-03-09,-0.023623916718491844
2016-03-10,-0.03645392655711166
2016-03-11,-0.029155823479560805
2016-03-14,-0.010242482526951258
2016-03-15,-0.004185667324484776
2016-03-16,0.0
2016-03-17,0.0
2016-03-18,0.0
2016-03-21,0.0
2016-03-22,0.0
2016-03-23,0.0
2016-03-24,-0.007875897408683552
2016-03-25,-0.0001421637692197164
2016-03-28,-0.007458957936767208
2016-03-29,-0.022149746923944003
2016-03-30,-0.0032690610651082697
2016-03-31,0.0
2016-04-01,-0.0046234397843433195
2016-04-05,-0.0046234397843433195
2016-04-06,-0.0046234397843433195
2016-04-07,-0.0046234397843433195
2016-04-08,-0.0046234397843433195
2016-04-11,-0.0046234397843433195
2016-04-12,-0.0046234397843433195
2016-04-13,-0.0046234397843433195
2016-04-14,-0.0046234397843433195
2016-04-15,-0.0046234397843433195
2016-04-18,-0.0046234397843433195
2016-04-19,-0.0046234397843433195
2016-04-20,-0.0046234397843433195
2016-04-21,-0.0046234397843433195
2016-04-22,-0.0046234397843433195
2016-04-25,-0.0007688108561835216
2016-04-26,-0.0007688108561835216
2016-04-27,-0.0007688108561835216
2016-04-28,-0.0007688108561835216
2016-04-29,-0.0007688108561835216
2016-05-03,0.0
2016-05-04,-0.0009981413457949007
2016-05-05,0.0
2016-05-06,-0.045881025477667925
2016-05-09,-0.0980396946019344
2016-05-10,-0.09994802513133616
2016-05-11,-0.10252612262525995
2016-05-12,-0.10277269842816816
2016-05-13,-0.10460738812118398
2016-05-16,-0.10047653709927118
2016-05-17,-0.10346389140774515
2016-05-18,-0.13311401446782578
2016-05-19,-0.13175811821439476
2016-05-20,-0.12531064818426174
2016-05-23,-0.11181963133783379
2016-05-24,-0.10985046148191413
2016-05-25,-0.11220549250751322
2016-05-26,-0.10792397542249188
2016-05-27,-0.10517572737249214
2016-05-30,-0.10709519748827023
2016-05-31,-0.0834739622564683
2016-06-01,-0.08029192392012152
2016-06-02,-0.07614374709438576
2016-06-03,-0.072863768532335
2016-06-06,-0.06723008768659866
2016-06-07,-0.0709176694112843
2016-06-08,-0.07079179659147972
2016-06-13,-0.1114201913117
2016-06-14,-0.10774282125362444
2016-06-15,-0.08564455033177654
2016-06-16,-0.08787210620971364
2016-06-17,-0.07936321468988894
2016-06-20,-0.08482737664762141
2016-06-21,-0.0844980161588017
2016-06-22,-0.07365989997933597
2016-06-23,-0.07812789330391179
2016-06-24,-0.08145598233254958
2016-06-27,-0.0690945293575147
2016-06-28,-0.06130766489899453
2016-06-29,-0.06507028839767681
2016-06-30,-0.061051640705246935
2016-07-01,-0.06395611507463639
2016-07-04,-0.05363904673007058
2016-07-05,-0.04954435456225481
2016-07-06,-0.039586460159170556
2016-07-07,-0.033813232999346465
2016-07-08,-0.032206851680794735
2016-07-11,-0.037902053113408996
2016-07-12,-0.034007642693243856
2016-07-13,-0.027021688404994082
2016-07-14,-0.02487306983787474
2016-07-15,-0.026673910728657324
2016-07-18,-0.028046090257653478
2016-07-19,-0.026112992248057076
2016-07-20,-0.02272592074747759
2016-07-21,-0.018979362940069522
2016-07-22,-0.02172023015368818
2016-07-25,-0.022868105163559527
2016-07-26,-0.003391805217248578
2016-07-27,-0.03285535159800401
2016-07-28,-0.04066739379009254
2016-07-29,-0.04387791081589698
2016-08-01,-0.060535043987867576
2016-08-02,-0.049457673603322205
2016-08-03,-0.04276664294730825
2016-08-04,-0.037223825251317955
2016-08-05,-0.038462074023784765
2016-08-08,-0.034435609979899584
2016-08-09,-0.029112535279373408
2016-08-10,-0.02913327221808515
2016-08-11,-0.039809994171846164
2016-08-12,-0.02857019882201728
2016-08-15,-0.017467928451138204
2016-08-16,-0.017058831869660174
2016-08-17,-0.013842178992566234
2016-08-18,-0.013881430814199902
2016-08-19,-0.003678507425965871
2016-08-22,-0.008414063667212757
2016-08-23,-0.005982584401574287
2016-08-24,-0.0008472470758212891
2016-08-25,-0.004454749093624311
2016-08-26,-0.0012463213474347423
2016-08-29,0.0
2016-08-30,-0.0002567657745208285
2016-08-31,0.0
2016-09-01,-0.004908323659900571
2016-09-02,0.0
2016-09-05,0.0
2016-09-06,0.0
2016-09-07,-0.0025631291275268753
2016-09-08,0.0
2016-09-09,-0.0050022209271493034
2016-09-12,-0.021167809513141456
2016-09-13,-0.012932567346187529
2016-09-14,-0.009619716150671476
2016-09-19,0.0
2016-09-20,0.0
2016-09-21,0.0
2016-09-22,0.0
2016-09-23,0.0
2016-09-26,-0.02637121146654242
2016-09-27,-0.02576328869270228
2016-09-28,-0.023304922138408624
2016-09-29,-0.01700406008819877
2016-09-30,-0.009466224580290228
2016-10-10,0.0
2016-10-11,0.0
2016-10-12,-0.0026070394023594012
2016-10-13,0.0
2016-10-14,0.0
2016-10-17,-0.011242351865634492
2016-10-18,-0.001254398657241862
2016-10-19,-0.0013071009362187747
2016-10-20,-0.0011422067528809032
2016-10-21,0.0
2016-10-24,0.0
2016-10-25,-0.0004237029366407352
2016-10-26,-0.00038994293820693304
2016-10-27,0.0
2016-10-28,-0.014761021539501762
2016-10-31,-0.014565261979940791
2016-11-01,-0.0027280942135463615
2016-11-02,-0.0036494284470438565
2016-11-03,-7.45000775493887e-05
2016-11-04,0.0
2016-11-07,0.0
2016-11-08,0.0
2016-11-09,-0.003372723507128139
2016-11-10,0.0
2016-11-11,0.0
2016-11-14,0.0
2016-11-15,0.0
2016-11-16,-0.0005997257621211949
2016-11-17,-0.006455175083286302
2016-11-18,-0.006733883292246112
2016-11-21,-2.1694209899614236e-05
2016-11-22,0.0
2016-11-23,-0.003385332961901466
2016-11-24,-0.008453890612536763
2016-11-25,-0.011259096346104669
2016-11-28,-0.013482167528132027
2016-11-29,-0.03174992432580248
2016-11-30,-0.035202348107000736
2016-12-01,-0.027892739043818504
2016-12-02,-0.041773864736894484
2016-12-05,-0.0460379898039287
2016-12-06,-0.04003505653584771
2016-12-07,-0.030985933912101693
2016-12-08,-0.036687379889420946
2016-12-09,-0.037079073601316015
2016-12-12,-0.08163823936685621
2016-12-13,-0.07723498565511933
2016-12-14,-0.07358629821658402
2016-12-15,-0.06617471532141272
2016-12-16,-0.05198288106827742
2016-12-19,-0.05031010595665031
2016-12-20,-0.03236374194626923
2016-12-21,-0.029710304968244894
2016-12-22,-0.032308725859237164
2016-12-23,-0.024831010358016492
2016-12-26,-0.021649176557357763
2016-12-27,0.0
2016-12-28,-0.0007989032004086516
2016-12-29,-0.0009150310792547245
2016-12-30,0.0
2017-01-03,0.0
2017-01-04,0.0
2017-01-05,0.0
2017-01-06,-0.007869499708798244
2017-01-09,-0.0062117443192925
2017-01-10,-0.005585025600612248
2017-01-11,-0.02565370688691382
2017-01-12,-0.03135178056317889
2017-01-13,-0.05089408385688843
2017-01-16,-0.07949814845746528
2017-01-17,-0.07413786729495209
2017-01-18,-0.07796494198794157
2017-01-19,-0.07842277991689806
2017-01-20,-0.06981999547046092
2017-01-23,-0.06496526014391768
2017-01-24,-0.06879727260851687
2017-01-25,-0.06589463725407041
2017-01-26,-0.061042318296143705
2017-02-03,-0.06472668234847234
2017-02-06,-0.05631010042692619
2017-02-07,-0.05333081111127014
2017-02-08,-0.05050598546310425
2017-02-09,-0.046437817115677626
2017-02-10,-0.050006980795565426
2017-02-13,-0.04743130280904473
2017-02-14,-0.04779987695326526
2017-02-15,-0.056667527843044074
2017-02-16,-0.05053932177572151
2017-02-17,-0.05677806869894653
2017-02-20,-0.05446118597407301
2017-02-21,-0.04941757333810193
2017-02-22,-0.04787923182757903
2017-02-23,-0.047310158830171756
2017-02-24,-0.039544552665845556
2017-02-27,-0.045826651064401425
2017-02-28,-0.04164117011833046
2017-03-01,-0.03553650665804731
2017-03-02,-0.041120082187235285
2017-03-03,-0.0405781671480796
2017-03-06,-0.03470447583918013
2017-03-07,-0.032262707924748724
2017-03-08,-0.031844807435120304
2017-03-09,-0.036355995273328
2017-03-10,-0.03779796907240229
2017-03-13,-0.04240191505501267
2017-03-14,-0.04308230067257035
2017-03-15,-0.04736146812113573
2017-03-16,-0.03836039133173785
2017-03-17,-0.03980433926270566
2017-03-20,-0.03575845206378914
2017-03-21,-0.03718691270772401
2017-03-22,-0.04208813424132529
2017-03-23,-0.04548136292839655
2017-03-24,-0.0497491122963204
2017-03-27,-0.049510355564735264
2017-03-28,-0.04898480252313098
2017-03-29,-0.060459222791065304
2017-03-30,-0.08091563989477701
2017-03-31,-0.08147757739599804
2017-04-05,-0.08063642822674921
2017-04-06,-0.08063642822674921
2017-04-07,-0.08063642822674921
2017-04-10,-0.08063642822674921
2017-04-11,-0.08063642822674921
2017-04-12,-0.08063642822674921
2017-04-13,-0.08063642822674921
2017-04-14,-0.08063642822674921
2017-04-17,-0.08063642822674921
2017-04-18,-0.08063642822674921
2017-04-19,-0.08063642822674921
2017-04-20,-0.08063642822674921
2017-04-21,-0.08063642822674921
2017-04-24,-0.08063642822674921
2017-04-25,-0.08063642822674921
2017-04-26,-0.08063642822674921
2017-04-27,-0.08063642822674921
2017-04-28,-0.08063642822674921
2017-05-02,-0.07997328551756178
2017-05-03,-0.08217397929920944
2017-05-04,-0.08377954625906903
2017-05-05,-0.09959045544672174
2017-05-08,-0.10753511007617
2017-05-09,-0.10079188631925029
2017-05-10,-0.10721593317959588
2017-05-11,-0.11291586637251239
2017-05-12,-0.11578815640531714
2017-05-15,-0.11400158846633668
2017-05-16,-0.09895384553413811
2017-05-17,-0.09533800754135191
2017-05-18,-0.09384857068857233
2017-05-19,-0.09680426379320384
2017-05-22,-0.11686060768163575
2017-05-23,-0.13625069282961633
2017-05-24,-0.136231789754238
2017-05-25,-0.1349912746678592
2017-05-26,-0.13449327490441576
2017-05-31,-0.1363950736256928
2017-06-01,-0.14928457791867455
2017-06-02,-0.15046723298757902
2017-06-05,-0.15046723298757902
2017-06-06,-0.14771845706384212
2017-06-07,-0.13160401260443455
2017-06-08,-0.13547725075740247
2017-06-09,-0.13427583498380502
2017-06-12,-0.15401504547167588
2017-06-13,-0.14378937908121892
2017-06-14,-0.13799899129997095
2017-06-15,-0.12244139486706418
2017-06-16,-0.12311573272523624
2017-06-19,-0.11172267718861961
2017-06-20,-0.11175304379896922
2017-06-21,-0.11269356354339166
2017-06-22,-0.12587793047899953
2017-06-23,-0.12222391812618305
2017-06-26,-0.11487499087228503
2017-06-27,-0.11475413113425881
2017-06-28,-0.11888571991191921
2017-06-29,-0.11361022007890342
2017-06-30,-0.110067645867857
2017-07-03,-0.10500583617527548
2017-07-04,-0.10612401529297788
2017-07-05,-0.10199704311060609
2017-07-06,-0.10282455260334211
2017-07-07,-0.0976967703030377
2017-07-10,-0.10200118789607104
2017-07-11,-0.1046669495048751
2017-07-12,-0.1094015149492562
2017-07-13,-0.11041120021998019
2017-07-14,-0.11416014521689222
2017-07-17,-0.15281153689349458
2017-07-18,-0.14969379084407453
2017-07-19,-0.14350832615539977
2017-07-20,-0.14248876205337346
2017-07-21,-0.14474743202187002
2017-07-24,-0.14334216712212478
2017-07-25,-0.1406893433148697
2017-07-26,-0.14335200416281424
2017-07-27,-0.13349526681447288
2017-07-28,-0.13587738193148335
2017-07-31,-0.13622222915003068
2017-08-01,-0.13716946503090055
2017-08-02,-0.14453060088950143
2017-08-03,-0.14210929066801814
2017-08-04,-0.14636592864802522
2017-08-07,-0.14477839052740882
2017-08-08,-0.14471487102331748
2017-08-09,-0.1398146791573308
2017-08-10,-0.1441151627649414
2017-08-11,-0.14297129267656317
2017-08-14,-0.1363287386301133
2017-08-15,-0.13284800374352757
2017-08-16,-0.12546176638158135
2017-08-17,-0.1121164785597828
2017-08-18,-0.11190809591261064
2017-08-21,-0.09651874610218869
2017-08-22,-0.10258596528620634
2017-08-23,-0.10269024444099584
2017-08-24,-0.10603971951522262
2017-08-25,-0.1020664767500088
2017-08-28,-0.0961506379939614
2017-08-29,-0.09325835711945041
2017-08-30,-0.09640691971905924
2017-08-31,-0.08798274145700946
2017-09-01,-0.08149158349176344
2017-09-04,-0.0809080100988715
2017-09-05,-0.07872885786957684
2017-09-06,-0.08123191898656756
2017-09-07,-0.08093274257244432
2017-09-08,-0.07987666605960253
2017-09-11,-0.07521102019827008
2017-09-12,-0.07942620925218224
2017-09-13,-0.07751483473972576
2017-09-14,-0.07989431259077628
2017-09-15,-0.08770174524807284
2017-09-18,-0.08461771443025812
2017-09-19,-0.08713516764900564
2017-09-20,-0.0853288441054022
2017-09-21,-0.08659153352549798
2017-09-22,-0.07581693513255361
2017-09-25,-0.08304972095937446
2017-09-26,-0.08756024515707994
2017-09-27,-0.08522321614351724
2017-09-28,-0.09016046804486133
2017-09-29,-0.08351929475269848
2017-10-09,-0.07719983878381531
2017-10-10,-0.06604861363267278
2017-10-11,-0.06812093643293393
2017-10-12,-0.0722613999149081
2017-10-13,-0.07145046886597561
2017-10-16,-0.08345106371229316
2017-10-17,-0.08503761113731667
2017-10-18,-0.09230797942281044
2017-10-19,-0.10267272238378677
2017-10-20,-0.09301372308247768
2017-10-23,-0.08668422070156279
2017-10-24,-0.09521261294031635
2017-10-25,-0.08845954141466983
2017-10-26,-0.08405867314082027
2017-10-27,-0.08469318945409898
2017-10-30,-0.0929853593728519
2017-10-31,-0.08422143695192896
2017-11-01,-0.08132701193471581
2017-11-02,-0.09292487293057416
2017-11-03,-0.08960386717019198
2017-11-06,-0.08090845925275136
2017-11-07,-0.08015373484142518
2017-11-08,-0.07592073415916345
2017-11-09,-0.0729032741143627
2017-11-10,-0.07395404870742728
2017-11-13,-0.07980499773482286
2017-11-14,-0.08747315722293247
2017-11-15,-0.08782089195773346
2017-11-16,-0.08758883952302943
2017-11-17,-0.10592291822176769
2017-11-20,-0.10555121770502718
2017-11-21,-0.10179264496343943
2017-11-22,-0.10173938012440664
2017-11-23,-0.10324993101494129
2017-11-24,-0.10088051179463597
2017-11-27,-0.10320014398603983
2017-11-28,-0.09922619398563981
2017-11-29,-0.10347218068239417
2017-11-30,-0.09940786013137326
2017-12-01,-0.09357453183499265
2017-12-04,-0.11203899158884234
2017-12-05,-0.1320212739488733
2017-12-06,-0.12196986583547786
2017-12-07,-0.12495816607146615
2017-12-08,-0.12069183559911267
2017-12-11,-0.11833896407815647
2017-12-12,-0.12775934807194245
2017-12-13,-0.11992959368576817
2017-12-14,-0.11675883926368702
2017-12-15,-0.11509719039212918
2017-12-18,-0.12520582946051673
2017-12-19,-0.12151171787750015
2017-12-20,-0.13089909644405684
2017-12-21,-0.13316597849414424
2017-12-22,-0.13333681154816823
2017-12-25,-0.14398631474026158
2017-12-26,-0.12991463977553575
2017-12-27,-0.12871894574236797
2017-12-28,-0.12755325439040066
2017-12-29,-0.11874613012701574
2018-01-02,-0.11550777853068128
2018-01-03,-0.10588165071439948
2018-01-04,-0.10572737214508354
2018-01-05,-0.1084822612758114
2018-01-08,-0.11062996659823876
2018-01-09,-0.1101967812394744
2018-01-10,-0.11673204048112751
2018-01-11,-0.10350339577895917
2018-01-12,-0.11065116168710276
2018-01-15,-0.13234408102039097
2018-01-16,-0.12574134407423976
2018-01-17,-0.12721536024514757
2018-01-18,-0.12578273773590587
2018-01-19,-0.12906861968894756
2018-01-22,-0.12492671573056513
2018-01-23,-0.1210903061716998
2018-01-24,-0.11648609512482022
2018-01-25,-0.11158005410208838
2018-01-26,-0.1023351471581384
2018-01-29,-0.10736485650818439
2018-01-30,-0.10809221074096975
2018-01-31,-0.13307816383340065
2018-02-01,-0.1565837577262048
2018-02-02,-0.16236299974875457
2018-02-05,-0.16321854412227277
2018-02-06,-0.20226129187606368
2018-02-07,-0.1924485500161479
2018-02-08,-0.18704873405928013
2018-02-09,-0.1946853015266562
2018-02-12,-0.18893921762395072
2018-02-13,-0.19293644739463855
2018-02-14,-0.18889158811247708
2018-02-22,-0.18072562621344923
2018-02-23,-0.17782309942159424
2018-02-26,-0.16009975617954597
2018-02-27,-0.15795147451547387
2018-02-28,-0.16068584913670325
2018-03-01,-0.15430465984468356
2018-03-02,-0.15867301499678077
2018-03-05,-0.15554760570022474
2018-03-06,-0.15232121881698024
2018-03-07,-0.1510914866415155
2018-03-08,-0.1411571316522754
2018-03-09,-0.13010835924629205
2018-03-12,-0.12252541399203098
2018-03-13,-0.12458596590957538
2018-03-14,-0.13198645569141254
2018-03-15,-0.14322998964894385
2018-03-16,-0.1360579366546656
2018-03-19,-0.13508169024485916
2018-03-20,-0.1301277489573014
2018-03-21,-0.127511389365783
2018-03-22,-0.1181828806795302
2018-03-23,-0.15083689014364876
2018-03-26,-0.14649903461204705
2018-03-27,-0.1203307800842679
2018-03-28,-0.12082577965667785
2018-03-29,-0.0995293055080817
2018-03-30,-0.08402969647428993
2018-04-02,-0.09167907449787771
2018-04-03,-0.09167907449787771
2018-04-04,-0.09167907449787771
2018-04-09,-0.09167907449787771
2018-04-10,-0.09167907449787771
2018-04-11,-0.09167907449787771
2018-04-12,-0.09167907449787771
2018-04-13,-0.09167907449787771
2018-04-16,-0.09167907449787771
2018-04-17,-0.09167907449787771
2018-04-18,-0.09167907449787771
2018-04-19,-0.09167907449787771
2018-04-20,-0.09167907449787771
2018-04-23,-0.09167907449787771
2018-04-24,-0.09167907449787771
2018-04-25,-0.09167907449787771
2018-04-26,-0.09167907449787771
2018-04-27,-0.09167907449787771
2018-05-02,-0.09167907449787771
2018-05-03,-0.09167907449787771
2018-05-04,-0.09167907449787771
2018-05-07,-0.09167907449787771
2018-05-08,-0.09016193589728927
2018-05-09,-0.08894539468923701
2018-05-10,-0.07999077120775566
2018-05-11,-0.0921002789157791
2018-05-14,-0.09836667189106374
2018-05-15,-0.08614991737219191
2018-05-16,-0.08573467676551616
2018-05-17,-0.08219730686674176
2018-05-18,-0.08564026862481489
2018-05-21,-0.07896452778069496
2018-05-22,-0.06998244126214925
2018-05-23,-0.07733923747689808
2018-05-24,-0.07911233381998195
2018-05-25,-0.08167140752288393
2018-05-28,-0.09416172993623861
2018-05-29,-0.09891296103632885
2018-05-30,-0.13151561937216927
2018-05-31,-0.11749902164151815
2018-06-01,-0.11677525930343935
2018-06-04,-0.11871574130174012
2018-06-05,-0.11303302677745564
2018-06-06,-0.11118889607452331
2018-06-07,-0.1248604626301223
2018-06-08,-0.13059338658952424
2018-06-11,-0.13842959350878303
2018-06-12,-0.13752931323195805
2018-06-13,-0.15096628001037937
2018-06-14,-0.15540095932689602
2018-06-15,-0.16960032989715468
2018-06-19,-0.184719081693694
2018-06-20,-0.18737008070810313
2018-06-21,-0.1908617051486755
2018-06-22,-0.1930439704240331
2018-06-25,-0.19435332958924767
2018-06-26,-0.17783477974264938
2018-06-27,-0.1779811886305478
2018-06-28,-0.1882478524578537
2018-06-29,-0.17031905852485052
2018-07-02,-0.1790351798027534
2018-07-03,-0.16773576744708063
2018-07-04,-0.17352585305911405
2018-07-05,-0.19044809169570787
2018-07-06,-0.17605544219011438
2018-07-09,-0.1673762594481445
2018-07-10,-0.16329567098996978
2018-07-11,-0.18030122451911135
2018-07-12,-0.1672340033323514
2018-07-13,-0.15306528291831833
2018-07-16,-0.14966548198770635
2018-07-17,-0.1454254422751181
2018-07-18,-0.14394228350789517
2018-07-19,-0.15329516566991386
2018-07-20,-0.14434553558621688
2018-07-23,-0.14170983484700395
2018-07-24,-0.13483846454858917
2018-07-25,-0.12480182986508648
2018-07-26,-0.11910632309215974
2018-07-27,-0.12214113481364708
2018-07-30,-0.1297293117154421
2018-07-31,-0.12905317720488318
2018-08-01,-0.13403118266374303
2018-08-02,-0.15696297588005392
2018-08-03,-0.1545447213122313
2018-08-06,-0.15854959111524825
2018-08-07,-0.14839485493753057
2018-08-08,-0.15563540450391422
2018-08-09,-0.14465443151008184
2018-08-10,-0.14126975123836139
2018-08-13,-0.13034063335854507
2018-08-14,-0.12796680824210616
2018-08-15,-0.13837300896944682
2018-08-16,-0.1450202802634617
2018-08-17,-0.15777016583256376
2018-08-20,-0.15662836046610584
2018-08-21,-0.15070717295915703
2018-08-22,-0.15674228596112172
2018-08-23,-0.15245462681326039
2018-08-24,-0.14166966311252327
2018-08-27,-0.1313825924764953
2018-08-28,-0.12162954804252957
2018-08-29,-0.12260284270633992
2018-08-30,-0.13208911338747842
2018-08-31,-0.13329938404062835
2018-09-03,-0.13503374032975457
2018-09-04,-0.12575795081261554
2018-09-05,-0.132750432028648
2018-09-06,-0.13227704495334847
2018-09-07,-0.12877503502797794
2018-09-10,-0.1391855851088416
2018-09-11,-0.13813793372411498
2018-09-12,-0.1372142462851208
2018-09-13,-0.1298181116358893
2018-09-14,-0.1331760163293192
2018-09-17,-0.1410845520051177
2018-09-18,-0.13259385654697464
2018-09-19,-0.12474931895168473
2018-09-20,-0.11381210476417614
2018-09-21,-0.11149755289437313
2018-09-25,-0.12078415024736722
2018-09-26,-0.11720593009632996
2018-09-27,-0.12991802514748085
2018-09-28,-0.12452012510688759
2018-10-08,-0.14449010407824203
2018-10-09,-0.14365628428793675
2018-10-10,-0.1351082180858687
2018-10-11,-0.17573052176063264
2018-10-12,-0.17863887040617576
2018-10-15,-0.1801147144767199
2018-10-16,-0.19132453550335515
2018-10-17,-0.1777902201002648
2018-10-18,-0.19819496738295006
2018-10-19,-0.188651916214146
2018-10-22,-0.14485613154463883
2018-10-23,-0.13592549150480027
2018-10-24,-0.1375301316551355
2018-10-25,-0.1425527967739303
2018-10-26,-0.14276278609427095
2018-10-29,-0.13857496934701297
2018-10-30,-0.12829272520462343
2018-10-31,-0.12217247973200818
2018-11-01,-0.12126665451090513
2018-11-02,-0.10126692727461828
2018-11-05,-0.08530682675461998
2018-11-06,-0.09040395079636743
2018-11-07,-0.09344533579702796
2018-11-08,-0.07834234619456426
2018-11-09,-0.08618801268435217
2018-11-12,-0.06152848739795891
2018-11-13,-0.04753028327096165
2018-11-14,-0.04079604885359711
2018-11-15,-0.01958362643356837
2018-11-16,-0.019584582092230907
2018-11-19,-0.021629536705795704
2018-11-20,-0.036234037020295484
2018-11-21,-0.030340103373898253
2018-11-22,-0.02836056631386119
2018-11-23,-0.0610154150923935
2018-11-26,-0.06164643558752336
2018-11-27,-0.04231662723055907
2018-11-28,-0.033902842185509874
2018-11-29,-0.06386722689482749
2018-11-30,-0.05672900284034543
2018-12-03,-0.03644838225275138
2018-12-04,-0.0308464947195779
2018-12-05,-0.03976963338297135
2018-12-06,-0.05138043339414211
2018-12-07,-0.04131523557004568
2018-12-10,-0.0477127979174522
2018-12-11,-0.04250268512661215
2018-12-12,-0.039125595182540884
2018-12-13,-0.03347248344007381
2018-12-14,-0.05991168423170601
2018-12-17,-0.059750781682778586
2018-12-18,-0.06267661209528763
2018-12-19,-0.0733282505565408
2018-12-20,-0.06894214075873362
2018-12-21,-0.06954015103181077
2018-12-24,-0.0604848332735215
2018-12-25,-0.06669402790703793
2018-12-26,-0.061491728756717046
2018-12-27,-0.06861132035759931
2018-12-28,-0.06586660368941477
2019-01-02,-0.051139571371833004
2019-01-03,-0.04629819920109557
2019-01-04,-0.036430336011946896
2019-01-07,-0.025754333584944167
2019-01-08,-0.025322523993383972
2019-01-09,-0.024625212196404456
2019-01-10,-0.025631173136227425
2019-01-11,-0.019369620191972414
2019-01-14,-0.02582772834202407
2019-01-15,-0.018321320233171012
2019-01-16,-0.016259007664423897
2019-01-17,-0.026155463103108678
2019-01-18,-0.02157180347238652
2019-01-21,-0.017931864702242395
2019-01-22,-0.025039526938513745
2019-01-23,-0.02588642644443684
2019-01-24,-0.02622129572707299
2019-01-25,-0.03663680634958544
2019-01-28,-0.044900795331537235
2019-01-29,-0.06995045724673499
2019-01-30,-0.079335252368543
2019-01-31,-0.09206378209089716
2019-02-01,-0.08699263457711648
2019-02-11,-0.08334990225236238
2019-02-12,-0.07282024456931024
2019-02-13,-0.06460294449333259
2019-02-14,-0.06393706701261703
2019-02-15,-0.05794705642080922
2019-02-18,-0.04370760829229159
2019-02-19,-0.04299582420691095
2019-02-20,-0.03924299403509013
2019-02-21,-0.04427297215737491
2019-02-22,-0.037539594399589093
2019-02-25,-0.021217289826742758
2019-02-26,-0.02309185251939072
2019-02-27,-0.02290722402357459
2019-02-28,-0.01989468360832969
2019-03-01,-0.014033079746704202
2019-03-04,-0.008296655802484398
2019-03-05,0.0
2019-03-06,0.0
2019-03-07,0.0
2019-03-08,-0.028618614248083096
2019-03-11,-0.006336417633088454
2019-03-12,-4.6327076605456874e-05
2019-03-13,-0.004143270483630057
2019-03-14,-0.021679358333754006
2019-03-15,-0.010616732405192786
2019-03-18,0.0
2019-03-19,0.0
2019-03-20,-0.001165355290943304
2019-03-21,0.0
2019-03-22,-0.003399172983244214
2019-03-25,-0.005884308386732373
2019-03-26,-0.024886983952139285
2019-03-27,-0.01794759804179913
2019-03-28,-0.0138027855070596
2019-03-29,0.0
2019-04-01,0.0
2019-04-02,0.0
2019-04-03,0.0
2019-04-04,0.0
2019-04-08,0.0
2019-04-09,0.0
2019-04-10,0.0
2019-04-11,0.0
2019-04-12,0.0
2019-04-15,0.0
2019-04-16,0.0
2019-04-17,0.0
2019-04-18,0.0
2019-04-19,0.0
2019-04-22,0.0
2019-04-23,0.0
2019-04-24,0.0
2019-04-25,0.0
2019-04-26,0.0
2019-04-29,0.0
2019-04-30,0.0
2019-05-06,0.0
2019-05-07,0.0
2019-05-08,0.0
2019-05-09,0.0
2019-05-10,0.0
2019-05-13,-0.002990739167987866
2019-05-14,-0.008347868072544729
2019-05-15,0.0
2019-05-16,0.0
2019-05-17,-0.029214859847862096
2019-05-20,-0.025435229730829678
2019-05-21,-0.010654613926594503
2019-05-22,-0.0073149290829575
2019-05-23,-0.028554979425382432
2019-05-24,-0.030303266830816633
2019-05-27,-0.009532442080660841
2019-05-28,-0.004350348897011469
2019-05-29,0.0
2019-05-30,0.0
2019-05-31,0.0
2019-06-03,-0.008808961893614131
2019-06-04,-0.01563425000785834
2019-06-05,-0.010870349030383086
2019-06-06,-0.028568896909947017
2019-06-10,-0.020550198898912186
2019-06-11,-0.0009014210841464809
2019-06-12,-0.0040081889718452945
2019-06-13,0.0
2019-06-14,-0.016952779959070075
2019-06-17,-0.015670327398251693
2019-06-18,-0.013708409667331112
2019-06-19,-0.008124870121608674
2019-06-20,-0.0021838501265118992
2019-06-21,0.0
2019-06-24,-0.0004826412919998191
2019-06-25,-0.004177779510861845
2019-06-26,-0.0023123685244519354
2019-06-27,-0.0016287872365483569
2019-06-28,-0.008030782276856607
2019-07-01,-0.0008852446341385267
2019-07-02,-0.003072638690490903
2019-07-03,0.0
2019-07-04,-0.009432548520225681
2019-07-05,-0.0028951490530635393
2019-07-08,-0.011774779208951203
2019-07-09,-0.004449260021391677
2019-07-10,-0.010392343716998043
2019-07-11,0.0
2019-07-12,-0.0006363404420572927
2019-07-15,0.0
2019-07-16,0.0
2019-07-17,-0.0015173498174191336
2019-07-18,-0.015963719491824624
2019-07-19,-0.01165395023359661
2019-07-22,-0.0324390886578908
2019-07-23,-0.028463988022175757
2019-07-24,-0.021203872349511044
2019-07-25,-0.01951572161592241
2019-07-26,-0.01830064375901963
2019-07-29,-0.02105958752055248
2019-07-30,-0.017290250908991056
2019-07-31,-0.018826020630068996
2019-08-01,-0.0194406062016792
2019-08-02,-0.03039616569105419
2019-08-05,-0.03388565954327527
2019-08-06,-0.05333943282996789
2019-08-07,-0.05476770143794207
2019-08-08,-0.050108256869140555
2019-08-09,-0.05800641822300778
2019-08-12,-0.05403663799215008
2019-08-13,-0.047764165120446456
2019-08-14,-0.04431554984747832
2019-08-15,-0.04503730441513831
2019-08-16,-0.042676209139762555
2019-08-19,-0.030247396484353706
2019-08-20,-0.02866258483145734
2019-08-21,-0.02823095898718042
2019-08-22,-0.023740493584524458
2019-08-23,-0.027036815024224614
2019-08-26,-0.035995675600180244
2019-08-27,-0.023673633099092428
2019-08-28,-0.023725093794610963
2019-08-29,-0.025224923344347006
2019-08-30,-0.036843144916895554
2019-09-02,-0.022402008335524637
2019-09-03,-0.016778263044704866
2019-09-04,-0.01671771164301561
2019-09-05,-0.011612777820702247
2019-09-06,-0.00848983783765056
2019-09-09,-0.0001955080410109833
2019-09-10,-0.00010909181319829209
2019-09-11,-0.0018072836135608616
2019-09-12,0.0
2019-09-16,0.0
2019-09-17,-0.0071341701033674765
2019-09-18,-0.007967740978869431
2019-09-19,-0.0038890282217359795
2019-09-20,-0.0010979285953054418
2019-09-23,-0.006643126384108133
2019-09-24,0.0
2019-09-25,-0.019008442477146503
2019-09-26,-0.03738967625026457
2019-09-27,-0.02646942870894109
2019-09-30,-0.027968832328723492
2019-10-08,-0.022935764548601245
2019-10-09,-0.012124858766239033
2019-10-10,-0.004397409119601403
2019-10-11,-0.00043650183064880554
2019-10-14,0.0
2019-10-15,-0.00032883805199346305
2019-10-16,-0.007689452763886662
2019-10-17,-0.01421058068560177
2019-10-18,-0.021309636972532298
2019-10-21,-0.019004289318953815
2019-10-22,-0.004733770313059549
2019-10-23,-0.010432607451225206
2019-10-24,-0.008941866092990858
2019-10-25,-0.00295572379221265
2019-10-28,0.0
2019-10-29,-0.010288921025852882
2019-10-30,-0.01631958135254241
2019-10-31,-0.02028508711922916
2019-11-01,-0.01014729912549961
2019-11-04,-0.013244477519794295
2019-11-05,-0.014879925534000749
2019-11-06,-0.024200035226170535
2019-11-07,-0.021442729093692936
2019-11-08,-0.019675412676793513
2019-11-11,-0.040132914222454574
2019-11-12,-0.03812077872700881
2019-11-13,-0.035979929193651894
2019-11-14,-0.03388438151368789
2019-11-15,-0.04143485554484194
2019-11-18,-0.04054791957762305
2019-11-19,-0.030879627704715085
2019-11-20,-0.036649810481482525
2019-11-21,-0.03781194395515364
2019-11-22,-0.04411263408481847
2019-11-25,-0.04386701286343386
2019-11-26,-0.04233716121705644
2019-11-27,-0.041479541465844094
2019-11-28,-0.04254526099849265
2019-11-29,-0.03734752183420653
2019-12-02,-0.0350856632892288
2019-12-03,-0.030799136160862606
2019-12-04,-0.03042247200695536
2019-12-05,-0.025828577050552415
2019-12-06,-0.023311035065883612
2019-12-09,-0.024192000525178337
2019-12-10,-0.02279545148386042
2019-12-11,-0.02463836369995187
2019-12-12,-0.027224199424288553
2019-12-13,-0.021485149271054826
2019-12-16,-0.01367495417413267
2019-12-17,-0.01066383904521917
2019-12-18,-0.009437770736754447
2019-12-19,-0.003295364082369856
2019-12-20,-0.0030055086675864207
2019-12-23,-0.011087332220320323
2019-12-24,-0.0015895260194420668
2019-12-25,0.0
2019-12-26,0.0
2019-12-27,0.0
2019-12-30,0.0
2019-12-31,0.0
2020-01-02,0.0
2020-01-03,0.0
2020-01-06,0.0
2020-01-07,0.0
2020-01-08,-0.006864147552188782
2020-01-09,-0.00029378841508409526
2020-01-10,0.0
2020-01-13,0.0
2020-01-14,-0.0006950559600953365
2020-01-15,-0.013564427124489686
2020-01-16,-0.021899535199099374
2020-01-17,-0.021996954881129738
2020-01-20,-0.016164248685130667
2020-01-21,-0.02282928515562066
2020-01-22,-0.022371587590534592
2020-01-23,-0.04809601022749599
2020-02-03,-0.09860339311074273
2020-02-04,-0.10231064593163386
2020-02-05,-0.09235565402978585
2020-02-06,-0.08336314692273483
2020-02-07,-0.07419790792582315
2020-02-10,-0.06381587098265618
2020-02-11,-0.06867811521255118
2020-02-12,-0.06308155763225376
2020-02-13,-0.07174411561782801
2020-02-14,-0.07180488639310845
2020-02-17,-0.05534131550134391
2020-02-18,-0.05117350720349323
2020-02-19,-0.05259240035087964
2020-02-20,-0.04616612024296385
2020-02-21,-0.04359878267028239
2020-02-24,-0.044725773122983314
2020-02-25,-0.051874659669826184
2020-02-26,-0.05195604792688624
2020-02-27,-0.04736119929682436
2020-02-28,-0.07227914222246279
2020-03-02,-0.055595832977153536
2020-03-03,-0.05520720327772166
2020-03-04,-0.04101253807454874
2020-03-05,-0.02130489069807584
2020-03-06,-0.019296893166764306
2020-03-09,-0.030748930270905084
2020-03-10,-0.010459595085104523
2020-03-11,0.0
2020-03-12,-0.011675829378019031
2020-03-13,-0.01368362027960135
2020-03-16,-0.024848992023932537
2020-03-17,-0.024340585362718214
2020-03-18,-0.03535756119169586
2020-03-19,-0.029427381600719782
2020-03-20,-0.016455154444733777
2020-03-23,-0.034687426428921864
2020-03-24,-0.01993873980776928
2020-03-25,-0.005143888372225347
2020-03-26,-0.00868612026499438
2020-03-27,-0.0035387375305643287
2020-03-30,-0.0176864885927126
2020-03-31,-0.012731050707317948
2020-04-01,-0.014701827999151318
2020-04-02,-0.014701827999151318
2020-04-03,-0.014701827999151318
2020-04-07,-0.014701827999151318
2020-04-08,-0.014701827999151318
2020-04-09,-0.014701827999151318
2020-04-10,-0.014701827999151318
2020-04-13,-0.014701827999151318
2020-04-14,-0.014701827999151318
2020-04-15,-0.014701827999151318
2020-04-16,-0.014701827999151318
2020-04-17,-0.014701827999151318
2020-04-20,-0.014701827999151318
2020-04-21,-0.014701827999151318
2020-04-22,-0.014701827999151318
2020-04-23,-0.014701827999151318
2020-04-24,-0.014701827999151318
2020-04-27,-0.014701827999151318
2020-04-28,-0.014701827999151318
2020-04-29,-0.014701827999151318
2020-04-30,-0.014701827999151318
2020-05-06,-0.014701827999151318
2020-05-07,-0.014701827999151318
2020-05-08,-0.014701827999151318
2020-05-11,-0.014701827999151318
2020-05-12,-0.013881555276414215
2020-05-13,-0.011533683458652688
2020-05-14,-0.015559897523980126
2020-05-15,-0.011219887310713217
2020-05-18,-0.008474216803217138
2020-05-19,-0.004004756114615482
2020-05-20,0.0
2020-05-21,0.0
2020-05-22,0.0
2020-05-25,0.0
2020-05-26,0.0
2020-05-27,0.0
2020-05-28,-0.0017558011769330806
2020-05-29,0.0
2020-06-01,0.0
2020-06-02,0.0
2020-06-03,-0.00018951249321830232
2020-06-04,0.0
2020-06-05,-0.0005337067306003807
2020-06-08,-0.0007078541216530843
2020-06-09,-0.0015012061049448633
2020-06-10,-0.0067634758635649606
2020-06-11,-0.007353614190542812
2020-06-12,-0.008589999777493529
2020-06-15,-0.0061003578169086525
2020-06-16,0.0
2020-06-17,0.0
2020-06-18,-0.0008555317447999089
2020-06-19,0.0
2020-06-22,0.0
2020-06-23,-0.008394464457144646
2020-06-24,-0.003485637715550771
2020-06-29,-0.0049871182289715765
2020-06-30,0.0
2020-07-01,0.0
2020-07-02,0.0
2020-07-03,0.0
2020-07-06,0.0
2020-07-07,0.0
2020-07-08,0.0
2020-07-09,0.0
2020-07-10,-0.0044070469099014575
2020-07-13,-0.0005400300445539408
2020-07-14,0.0
2020-07-15,-0.016018318575887314
2020-07-16,-0.027385186408888984
2020-07-17,-0.024358652854971963
2020-07-20,-0.007496056779678795
2020-07-21,-0.006040957707379113
2020-07-22,-0.0006577520405171011
2020-07-23,-0.007197626869606566
2020-07-24,-0.020931445485936284
2020-07-27,-0.020156400143444553
2020-07-28,-0.013739452091798054
2020-07-29,-0.0038766493655969514
2020-07-30,-0.0007082946919064748
2020-07-31,0.0
2020-08-03,0.0
2020-08-04,0.0
2020-08-05,0.0
2020-08-06,-0.002742440799686219
2020-08-07,-0.0033484661581301145
2020-08-10,0.0
2020-08-11,-0.00824456978436805
2020-08-12,-0.012400262623354363
2020-08-13,-0.009997716648220023
2020-08-14,0.0
2020-08-17,0.0
2020-08-18,0.0
2020-08-19,-0.010312204058589458
2020-08-20,-0.018409759119029756
2020-08-21,-0.017558729834518005
2020-08-24,-0.018417872512110023
2020-08-25,-0.0186597961062821
2020-08-26,-0.022458057693768962
2020-08-27,-0.0074043279090860725
2020-08-28,0.0
2020-08-31,0.0
2020-09-01,0.0
2020-09-02,0.0
2020-09-03,-0.01144287443859715
2020-09-04,-0.00679457305915987
2020-09-07,-0.008267959933423219
2020-09-08,0.0
2020-09-09,-0.01411579298371779
2020-09-10,-0.0501462807898273
2020-09-11,-0.04171301719783305
2020-09-14,-0.012869734591785087
2020-09-15,-0.015925177695129467
2020-09-16,-0.02562066668381413
2020-09-17,-0.02255216538252336
2020-09-18,-0.020508257912328576
2020-09-21,-0.02562150333552915
2020-09-22,-0.0381930489986696
2020-09-23,-0.035173462736392214
2020-09-24,-0.052398855591148985
2020-09-25,-0.05112048315237738
2020-09-28,-0.05911202089662393
2020-09-29,-0.054284838019691195
2020-09-30,-0.05851566668667074
2020-10-09,-0.04431357874095754
2020-10-12,-0.031081742842864246
2020-10-13,-0.03282846863614497
2020-10-14,-0.039515190917135845
2020-10-15,-0.04016126710760881
2020-10-16,-0.03714151952440925
2020-10-19,-0.039781078080829424
2020-10-20,-0.0324029001802939
2020-10-21,-0.045211963955818835
2020-10-22,-0.043960602377544844
2020-10-23,-0.05005966747931334
2020-10-26,-0.04748161553903896
2020-10-27,-0.04902132528779557
2020-10-28,-0.049987292543128614
2020-10-29,-0.050163691661987087
2020-10-30,-0.06934991139873226
2020-11-02,-0.06887972399561204
2020-11-03,-0.051097623292769456
2020-11-04,-0.05512454211401652
2020-11-05,-0.04517427623799464
2020-11-06,-0.054806960992891285
2020-11-09,-0.040722767600855136
2020-11-10,-0.044579022347866704
2020-11-11,-0.04802684106928967
2020-11-12,-0.04611336254987464
2020-11-13,-0.045295537418507226
2020-11-16,-0.03790390840504132
2020-11-17,-0.04149894022476819
2020-11-18,-0.03370205258758119
2020-11-19,-0.03243952589075616
2020-11-20,-0.03157284534176008
2020-11-23,-0.03158813490157353
2020-11-24,-0.034664876006564316
2020-11-25,-0.04209937444738343
2020-11-26,-0.0418623115680925
2020-11-27,-0.0398029035402957
2020-11-30,-0.03615840999774411
2020-12-01,-0.027575287981409513
2020-12-02,-0.021553081915648198
2020-12-03,-0.027970091740183944
2020-12-04,-0.02761245942346724
2020-12-07,-0.029741499525566706
2020-12-08,-0.03030011655165754
2020-12-09,-0.04029523562013837
2020-12-10,-0.04206372080262155
2020-12-11,-0.05740869921362424
2020-12-14,-0.053551935687875085
2020-12-15,-0.05876126814962501
2020-12-16,-0.07196988187717857
2020-12-17,-0.066065064761199
2020-12-18,-0.07036075045838319
2020-12-21,-0.06614322423017527
2020-12-22,-0.08334301389588106
2020-12-23,-0.08538018280653037
2020-12-24,-0.0954113738327027
2020-12-25,-0.09039952085396996
2020-12-28,-0.10009246171729569
2020-12-29,-0.09831292048778906
2020-12-30,-0.09693958287421134
2020-12-31,-0.09122047932493615
2021-01-04,-0.0900298896680386
2021-01-05,-0.09701615499564553
2021-01-06,-0.11455671837803394
2021-01-07,-0.1426653340762759
2021-01-08,-0.14471306870636158
2021-01-11,-0.14954375074905835
2021-01-12,-0.1451523300107289
2021-01-13,-0.15742438090797184
2021-01-14,-0.14584923887008083
2021-01-15,-0.1359779719133769
2021-01-18,-0.13067265713967713
2021-01-19,-0.1240670317639323
2021-01-20,-0.1246700373197086
2021-01-21,-0.12387248518919125
2021-01-22,-0.13011019268491297
2021-01-25,-0.14480917483051448
2021-01-26,-0.14473871117195158
2021-01-27,-0.13955038632076777
2021-01-28,-0.1346893414100191
2021-01-29,-0.14924931054667234
2021-02-01,-0.15125698884061878
2021-02-02,-0.1583230054359538
2021-02-03,-0.17576428886776807
2021-02-04,-0.182180736923663
2021-02-05,-0.18579437191634496
2021-02-08,-0.19000765116380347
2021-02-09,-0.1875513927903849
2021-02-10,-0.18770479576938948
2021-02-18,-0.1727054503198563
2021-02-19,-0.1532881796440262
2021-02-22,-0.140468488627278
2021-02-23,-0.14990952562490067
2021-02-24,-0.1491650076987776
2021-02-25,-0.15491232629863871
2021-02-26,-0.14957722987412103
2021-03-01,-0.1403938924144199
2021-03-02,-0.14520462331477157
2021-03-03,-0.13968416675017448
2021-03-04,-0.13995622685515707
2021-03-05,-0.13216827866909764
2021-03-08,-0.1314594708658543
2021-03-09,-0.1433427031666087
2021-03-10,-0.1574711642910278
2021-03-11,-0.14325747018543566
2021-03-12,-0.14486988936312462
2021-03-15,-0.14445449677678035
2021-03-16,-0.12860902495129356
2021-03-17,-0.1227839565851988
2021-03-18,-0.12248462030809326
2021-03-19,-0.11956880251813684
2021-03-22,-0.1177758487849363
2021-03-23,-0.12607294177185002
2021-03-24,-0.127241829295626
2021-03-25,-0.12408714678006882
2021-03-26,-0.12130186522695552
2021-03-29,-0.12033969229189467
2021-03-30,-0.12940273096846533
2021-03-31,-0.12722326455968413
2021-04-01,-0.12554035159047705
2021-04-02,-0.12554035159047705
2021-04-06,-0.12554035159047705
2021-04-07,-0.12554035159047705
2021-04-08,-0.12554035159047705
2021-04-09,-0.12554035159047705
2021-04-12,-0.12554035159047705
2021-04-13,-0.12554035159047705
2021-04-14,-0.12554035159047705
2021-04-15,-0.12554035159047705
2021-04-16,-0.12554035159047705
2021-04-19,-0.12554035159047705
2021-04-20,-0.12554035159047705
2021-04-21,-0.12554035159047705
2021-04-22,-0.12554035159047705
2021-04-23,-0.12554035159047705
2021-04-26,-0.12554035159047705
2021-04-27,-0.12554035159047705
2021-04-28,-0.12554035159047705
2021-04-29,-0.12554035159047705
2021-04-30,-0.12554035159047705
2021-05-06,-0.12554035159047705
2021-05-07,-0.12554035159047705
2021-05-10,-0.12554035159047705
2021-05-11,-0.11526906013262139
2021-05-12,-0.11205599454681792
2021-05-13,-0.11133566123936967
2021-05-14,-0.10246352423724092
2021-05-17,-0.11496611312636773
2021-05-18,-0.11296088752735545
2021-05-19,-0.11426351816546254
2021-05-20,-0.11138942160958065
2021-05-21,-0.10722173925007583
2021-05-24,-0.10526750560994769
2021-05-25,-0.10636854024662434
2021-05-26,-0.10182857759393238
2021-05-27,-0.09994611777719464
2021-05-28,-0.10181049015887988
2021-05-31,-0.09928782480476883
2021-06-01,-0.09500953361443298
2021-06-02,-0.09051573937980029
2021-06-03,-0.08769244998208092
2021-06-04,-0.0952945381088901
2021-06-07,-0.0922272022696482
2021-06-08,-0.0824547142317893
2021-06-09,-0.07592876329915443
2021-06-10,-0.07588150573191965
2021-06-11,-0.07780219035943459
2021-06-15,-0.08146741454179729
2021-06-16,-0.08659877290553819
2021-06-17,-0.08722967193264852
2021-06-18,-0.0844367196537773
2021-06-21,-0.07881683615504542
2021-06-22,-0.07551704902909351
2021-06-23,-0.0768773363766081
2021-06-24,-0.07573187106450041
2021-06-25,-0.07614272737101957
2021-06-28,-0.07666269685870575
2021-06-29,-0.084184646413202
2021-06-30,-0.0824049537582704
2021-07-01,-0.07311391236274789
2021-07-02,-0.07523810469445125
2021-07-05,-0.06792221207834748
2021-07-06,-0.06367862230689858
2021-07-07,-0.06396259040227092
2021-07-08,-0.07022556811009706
2021-07-09,-0.06663008286879135
2021-07-12,-0.0634544960122555
2021-07-13,-0.058158738838880675
2021-07-14,-0.05991500809132688
2021-07-15,-0.07325511739817481
2021-07-16,-0.07509075409137611
2021-07-19,-0.0806759311164108
2021-07-20,-0.08153409404330125
2021-07-21,-0.07574320505724819
2021-07-22,-0.07612791057942392
2021-07-23,-0.08625075468132204
2021-07-26,-0.09492659643984203
2021-07-27,-0.10221733716469883
2021-07-28,-0.11924016601048526
2021-07-29,-0.1145907099183272
2021-07-30,-0.11246281142438908
2021-08-02,-0.10705635102864708
2021-08-03,-0.1000051280705786
2021-08-04,-0.09284225009811886
2021-08-05,-0.0903687182131826
2021-08-06,-0.09227638057415033
2021-08-09,-0.08357942294282639
2021-08-10,-0.07728240410472231
2021-08-11,-0.06998074459732428
2021-08-12,-0.07140281076860377
2021-08-13,-0.07165811199317462
2021-08-16,-0.07459227654654665
2021-08-17,-0.08556978672132565
2021-08-18,-0.07657032962698263
2021-08-19,-0.0772132553705317
2021-08-20,-0.07966833520262218
2021-08-23,-0.06864789372626146
2021-08-24,-0.059675312157441374
2021-08-25,-0.052112763180881205
2021-08-26,-0.05049351645679567
2021-08-27,-0.05570833277672449
2021-08-30,-0.05101358217427676
2021-08-31,-0.045253208835187464
2021-09-01,-0.04544795721588146
2021-09-02,-0.0392624435761556
2021-09-03,-0.040145390654891866
2021-09-06,-0.035019146562473624
2021-09-07,-0.027154866008037737
2021-09-08,-0.017219891029523815
2021-09-09,-0.020068025636919118
2021-09-10,-0.026930693372816727
2021-09-13,-0.023303082753191928
2021-09-14,-0.030434814552603662
2021-09-15,-0.02371892533490505
2021-09-16,-0.02234960188353141
2021-09-17,-0.0344893888623502
2021-09-22,-0.03841124740345292
2021-09-23,-0.028227020880907228
2021-09-24,-0.04711183817307629
2021-09-27,-0.06663548696318389
2021-09-28,-0.06703161658850176
2021-09-29,-0.07397249825992458
2021-09-30,-0.06494726977598564
2021-10-08,-0.04106238335710599
2021-10-11,-0.044863994309619515
2021-10-12,-0.053979373934146424
2021-10-13,-0.05006610973402348
2021-10-14,-0.05351295193790084
2021-10-15,-0.06457623526995948
2021-10-18,-0.06101765820698912
2021-10-19,-0.06387769477514915
2021-10-20,-0.0724745361312994
2021-10-21,-0.07844369039156263
2021-10-22,-0.08378782641368632
2021-10-25,-0.08658827563845894
2021-10-26,-0.0950059855487787
2021-10-27,-0.11207849287813532
2021-10-28,-0.117757264177621
2021-10-29,-0.10196029445798827
2021-11-01,-0.08227532686287387
2021-11-02,-0.09217358713714963
2021-11-03,-0.07718481466834093
2021-11-04,-0.07636373979705624
2021-11-05,-0.08028223198342588
2021-11-08,-0.07297163659070005
2021-11-09,-0.06954261483992108
2021-11-10,-0.06642799810659594
2021-11-11,-0.0587502202268837
2021-11-12,-0.05542694606425136
2021-11-15,-0.04738077281020836
2021-11-16,-0.048134445127084535
2021-11-17,-0.0386283948129762
2021-11-18,-0.047663856572609076
2021-11-19,-0.039713908303159906
2021-11-22,-0.04351670584633671
2021-11-23,-0.04187945240000335
2021-11-24,-0.03880099859109831
2021-11-25,-0.03541990703900344
2021-11-26,-0.039468007052602005
2021-11-29,-0.04963431251126571
2021-11-30,-0.03612822340313593
2021-12-01,-0.02758931687727373
2021-12-02,-0.033012001949089265
2021-12-03,-0.02935633560070694
2021-12-06,-0.043888364019484594
2021-12-07,-0.04725826538467426
2021-12-08,-0.042219112080064014
2021-12-09,-0.03632778084576127
2021-12-10,-0.02326694081529279
2021-12-13,-0.009236229007771102
2021-12-14,-0.005225137546649439
2021-12-15,-0.001529489009131746
2021-12-16,0.0
2021-12-17,0.0
2021-12-20,-0.002594526232762906
2021-12-21,0.0
2021-12-22,-0.0056127946142914276
2021-12-23,-0.0170606292289166
2021-12-24,-0.013473855561213055
2021-12-27,-0.013585431216868837
2021-12-28,0.0
2021-12-29,0.0
2021-12-30,0.0
2021-12-31,-6.076367297291885e-05
2022-01-04,0.0
2022-01-05,-0.008002606860049721
2022-01-06,0.0
2022-01-07,-0.014826933742839388
2022-01-10,-0.00919920687812159
2022-01-11,-0.0033447409595451782
2022-01-12,0.0
2022-01-13,0.0
2022-01-14,-0.020545364132879773
2022-01-17,-0.01491541934411933
2022-01-18,-0.03940058051974504
2022-01-19,-0.02649534130982023
2022-01-20,-0.05000574151432935
2022-01-21,-0.04087586574908353
2022-01-24,-0.051255781713006265
2022-01-25,-0.07446576174283559
2022-01-26,-0.06512986769242668
2022-01-27,-0.07895900962043312
2022-01-28,-0.06429244379081711
2022-02-07,-0.06130040082344046
2022-02-08,-0.04331333704066487
2022-02-09,-0.04521962283467995
2022-02-10,-0.04532944934272454
2022-02-11,-0.060291256799285264
2022-02-14,-0.034916215249241045
2022-02-15,-0.023178156247276815
2022-02-16,-0.0031781058681513707
2022-02-17,-0.005236988516433727
2022-02-18,-0.0006951710520698429
2022-02-21,0.0
2022-02-22,-0.0045104417569211686
2022-02-23,-0.002963306709307889
2022-02-24,-0.01877520002731836
2022-02-25,-0.004375607577840501
2022-02-28,-0.002978140397767115
2022-03-01,0.0
2022-03-02,0.0
2022-03-03,-0.0009751253613509148
2022-03-04,-0.006633119204027871
2022-03-07,-0.01140507595895568
2022-03-08,-0.031984091141964766
2022-03-09,-0.04245757855906929
2022-03-10,-0.025471983053777403
2022-03-11,-0.011669854343645425
2022-03-14,-0.03095263721457442
2022-03-15,-0.0623548437545397
2022-03-16,-0.031817394251756115
2022-03-17,-0.03134593317423151
2022-03-18,-0.007652533518978544
2022-03-21,0.0
2022-03-22,-0.0031553526276936195
2022-03-23,-0.006425586577454623
2022-03-24,-0.010032727661156704
2022-03-25,0.0
2022-03-28,-0.0001360801294059133
2022-03-29,-0.008047542088128634
2022-03-30,-0.00915323738942253
2022-03-31,-0.0019757618024069945
2022-04-01,-0.005974829571922746
2022-04-06,-0.005974829571922746
2022-04-07,-0.005974829571922746
2022-04-08,-0.005974829571922746
2022-04-11,-0.005974829571922746
2022-04-12,-0.005974829571922746
2022-04-13,-0.005974829571922746
2022-04-14,-0.005974829571922746
2022-04-15,-0.005974829571922746
2022-04-18,-0.005974829571922746
2022-04-19,-0.005974829571922746
2022-04-20,-0.005974829571922746
2022-04-21,-0.005974829571922746
2022-04-22,-0.005974829571922746
2022-04-25,-0.005974829571922746
2022-04-26,-0.005974829571922746
2022-04-27,-0.005974829571922746
2022-04-28,-0.005974829571922746
2022-04-29,-0.005974829571922746
2022-05-05,-0.005974829571922746
2022-05-06,-0.005974829571922746
2022-05-09,-0.005974829571922746
2022-05-10,0.0
2022-05-11,-0.002447523983333144
2022-05-12,0.0
2022-05-13,0.0
2022-05-16,0.0
2022-05-17,-0.007542044742767984
2022-05-18,0.0
2022-05-19,0.0
2022-05-20,-0.001697560949365906
2022-05-23,0.0
2022-05-24,-0.027117661472934262
2022-05-25,-0.0100043137700907
2022-05-26,-0.0024177457868723717
2022-05-27,-0.0033772113873373755
2022-05-30,0.0
2022-05-31,0.0
2022-06-01,0.0
2022-06-02,0.0
2022-06-06,0.0
2022-06-07,-0.010928558157432766
2022-06-08,-0.010360580938325925
2022-06-09,-0.02527671240011531
2022-06-10,-0.01870737782554932
2022-06-13,-0.01574963347002345
2022-06-14,-0.020330777647867393
2022-06-15,-0.023517790694882357
2022-06-16,-0.014196409813257427
2022-06-17,-0.023784801021729862
2022-06-20,-0.013641165202442296
2022-06-21,-0.014213171003644498
2022-06-22,-0.02270677619307726
2022-06-23,-0.016448367627053928
2022-06-24,-0.012469245043293942
2022-06-27,-0.014509766698813986
2022-06-28,0.0
2022-06-29,-0.013456993147760388
2022-06-30,-0.01399054331922922
2022-07-01,-0.014570408230057286
2022-07-04,-0.009010714045306845
2022-07-05,-0.023007179392904087
2022-07-06,-0.03202643997393695
2022-07-07,-0.030111608221658925
2022-07-08,-0.022538517484999132
2022-07-11,-0.017730871879841015
2022-07-12,-0.02644299282995799
2022-07-13,-0.014266621961941284
2022-07-14,-0.01466507933465322
2022-07-15,-0.03408019539013407
2022-07-18,-0.010431597010394755
2022-07-19,-0.0005622237235469729
2022-07-20,0.0
2022-07-21,-0.001132068012778209
2022-07-22,0.0
2022-07-25,0.0
2022-07-26,0.0
2022-07-27,0.0
2022-07-28,-0.0018741946577770507
2022-07-29,0.0
2022-08-01,0.0
2022-08-02,-0.02696744555601671
2022-08-03,-0.022684737502850716
2022-08-04,-0.00856918196147205
2022-08-05,-0.01084831035163758
2022-08-08,0.0
2022-08-09,0.0
2022-08-10,0.0
2022-08-11,0.0
2022-08-12,0.0
2022-08-15,-0.016340690972226568
2022-08-16,-0.007024008306252161
2022-08-17,-0.010313321064523207
2022-08-18,-0.006142896766498374
2022-08-19,-0.01713067472930163
2022-08-22,-0.015984017386897253
2022-08-23,-0.01744149040874221
2022-08-24,-0.03713585335923564
2022-08-25,-0.03772314961593193
2022-08-26,-0.03822892433352698
2022-08-29,-0.03161004281559887
2022-08-30,-0.023999238573708226
2022-08-31,-0.03104152081153444
2022-09-01,-0.02137074235800074
2022-09-02,-0.009790534455468292
2022-09-05,-0.00811950976759157
2022-09-06,-0.0076303314390883115
2022-09-07,-0.008106381123450856
2022-09-08,-0.007503770530740361
2022-09-09,-0.019482670316580797
2022-09-13,-0.007672459830040834
2022-09-14,-0.010307559901797547
2022-09-15,-0.018941432238139044
2022-09-16,-0.04566275568272593
2022-09-19,-0.04877805835097038
2022-09-20,-0.03484085895086664
2022-09-21,-0.02574283613824846
2022-09-22,-0.02000411875204733
2022-09-23,-0.03444196250407772
2022-09-26,-0.05318046290655121
2022-09-27,-0.03352158502446123
2022-09-28,-0.04451755638062449
2022-09-29,-0.05022298617300347
2022-09-30,-0.0543086725858718
2022-10-10,-0.06977000783230847
2022-10-11,-0.06191655199570345
2022-10-12,-0.043287711256206785
2022-10-13,-0.025731018116997073
2022-10-14,-0.02013896396050041
2022-10-17,-0.004134971272060195
2022-10-18,-0.00647931042326777
2022-10-19,-0.007678939541020058
2022-10-20,-0.008627759351603648
2022-10-21,0.0
2022-10-24,-0.01436030378213038
2022-10-25,-0.024030972176550813
2022-10-26,-0.009574207362749498
2022-10-27,0.0
2022-10-28,-0.024782856637742712
2022-10-31,-0.009082824184933669
2022-11-01,0.0
2022-11-02,0.0
2022-11-03,0.0
2022-11-04,0.0
2022-11-07,0.0
2022-11-08,0.0
2022-11-09,0.0
2022-11-10,-0.0016393588337616505
2022-11-11,0.0
2022-11-14,0.0
2022-11-15,0.0
2022-11-16,0.0
2022-11-17,0.0
2022-11-18,0.0
2022-11-21,-0.0034628785448694854
2022-11-22,-0.004100642871535665
2022-11-23,-0.014933573288461677
2022-11-24,0.0
2022-11-25,-0.006583855477541922
2022-11-28,0.0
2022-11-29,0.0
2022-11-30,0.0
2022-12-01,0.0
2022-12-02,0.0
2022-12-05,0.0
2022-12-06,-0.006696243765513921
2022-12-07,-0.0010269222649952336
2022-12-08,-0.0020523607709870273
2022-12-09,-0.001940841491847256
2022-12-12,-0.00874635899375753
2022-12-13,-0.0029138655595956076
2022-12-14,0.0
2022-12-15,0.0
2022-12-16,-0.005489690182957974
2022-12-19,-0.021502755373893234
2022-12-20,-0.025383081396916585
2022-12-21,-0.02833130900941061
2022-12-22,-0.036470848106053166
2022-12-23,-0.02865266171747849
2022-12-26,-0.02995179411152915
2022-12-27,-0.03336295262673561
2022-12-28,-0.05041398281942355
2022-12-29,-0.05375812565296301
2022-12-30,-0.046879410248943154
2023-01-03,-0.03390294776209346
2023-01-04,-0.021624588566858005
2023-01-05,-0.018743859148132924
2023-01-06,-0.027719130771579614
2023-01-09,-0.022355590897005895
2023-01-10,-0.02299368181175554
2023-01-11,-0.03220366972504962
2023-01-12,-0.0328595121794798
2023-01-13,-0.028240273524894444
2023-01-16,-0.021738328692343822
2023-01-17,-0.02589787716727532
2023-01-18,-0.013116890553908744
2023-01-19,-0.0070212474930424484
2023-01-20,-0.006785823201925889
2023-01-30,0.0
2023-01-31,0.0
2023-02-01,0.0
2023-02-02,-0.003113895376098519
2023-02-03,-0.003920097068087713
2023-02-06,-0.002922554785392606
2023-02-07,0.0
2023-02-08,-0.004465703008996069
2023-02-09,0.0
2023-02-10,0.0
2023-02-13,0.0
2023-02-14,-0.002742603971330415
2023-02-15,-0.003557570736549054
2023-02-16,-0.016926556233727852
2023-02-17,-0.011728983634031742
2023-02-20,-0.011690596092369221
2023-02-21,-0.011384362040462448
2023-02-22,-0.009828142222586767
2023-02-23,-0.011948614347558228
2023-02-24,-0.008288855162001507
2023-02-27,-0.016012076707945022
2023-02-28,-0.003373097276431092
2023-03-01,0.0
2023-03-02,0.0
2023-03-03,-0.005529890393969006
2023-03-06,-0.011133700527665935
2023-03-07,-0.023573389500578412
2023-03-08,-0.017582862767742125
2023-03-09,-0.017137442867613983
2023-03-10,-0.028045288488562692
2023-03-13,-0.028685195446958245
2023-03-14,-0.04065658589245302
2023-03-15,-0.03566678094921083
2023-03-16,-0.04191120654226277
2023-03-17,-0.03789411199503967
2023-03-20,-0.04031535316583734
2023-03-21,-0.01446995534153761
2023-03-22,-0.005036671914219748
2023-03-23,-0.008410723329809633
2023-03-24,-0.015181380220983587
2023-03-27,-0.018461988426604514
2023-03-28,-0.023654766295233
2023-03-29,-0.03547585080902105
2023-03-30,-0.041898392503899706
2023-03-31,-0.033298261300474086
2023-04-03,-0.03376420645017286
2023-04-04,-0.03376420645017286
2023-04-06,-0.03376420645017286
2023-04-07,-0.03376420645017286
2023-04-10,-0.03376420645017286
2023-04-11,-0.03376420645017286
2023-04-12,-0.03376420645017286
2023-04-13,-0.03376420645017286
2023-04-14,-0.03376420645017286
2023-04-17,-0.03376420645017286
2023-04-18,-0.03376420645017286
2023-04-19,-0.03376420645017286
2023-04-20,-0.03376420645017286
2023-04-21,-0.03376420645017286
2023-04-24,-0.03376420645017286
2023-04-25,-0.03376420645017286
2023-04-26,-0.03376420645017286
2023-04-27,-0.03376420645017286
2023-04-28,-0.03376420645017286
2023-05-04,-0.03376420645017286
2023-05-05,-0.03376420645017286
2023-05-08,-0.03376420645017286
2023-05-09,-0.04073076537132514
2023-05-10,-0.034707036955715975
2023-05-11,-0.027977861800448922
2023-05-12,-0.033892072489880354
2023-05-15,-0.027976298227405105
2023-05-16,-0.03447010772092318
2023-05-17,-0.021497476183845454
2023-05-18,-0.018305565010863556
2023-05-19,-0.02315619718287698
2023-05-22,-0.018615129758754678
2023-05-23,-0.017843409240810848
2023-05-24,-0.02008914728099498
2023-05-25,-0.01602747044848929
2023-05-26,-0.015810041404039743
2023-05-29,-0.02517770614666881
2023-05-30,-0.018097126863065083
2023-05-31,-0.024657665489090652
2023-06-01,-0.028437258718259084
2023-06-02,-0.01782814037007774
2023-06-05,-0.010658753886757966
2023-06-06,-0.024546870818267452
2023-06-07,-0.019110235337240322
2023-06-08,-0.02008286611284249
2023-06-09,-0.03127491819137862
2023-06-12,-0.008857227076776275
2023-06-13,-0.004427766152833468
2023-06-14,-0.004113119892676265
2023-06-15,-0.00968610877374576
2023-06-16,-0.008249363083859929
2023-06-19,-0.01827930660309396
2023-06-20,-0.02910770540347174
2023-06-21,-0.034468908915467056
2023-06-26,-0.028592352652189623
2023-06-27,-0.004550300402292762
2023-06-28,-0.00212866632432529
2023-06-29,0.0
2023-06-30,0.0
2023-07-03,-0.0031626922557538295
2023-07-04,0.0
2023-07-05,0.0
2023-07-06,-0.0005953483273458682
2023-07-07,-0.002991847097694622
2023-07-10,-0.003965254202500601
2023-07-11,-0.002649333669204168
2023-07-12,-0.004477052203123555
2023-07-13,-0.003774320985601376
2023-07-14,-0.002838488525733651
2023-07-17,-0.003776773446100501
2023-07-18,0.0
2023-07-19,-0.00038147860758630525
2023-07-20,-0.009564852886694175
2023-07-21,-0.01268480890036372
2023-07-24,-0.008181689844595774
2023-07-25,0.0
2023-07-26,-0.0003870864918728012
2023-07-27,-0.003912922965781829
2023-07-28,0.0
2023-07-31,-0.0017591736630513388
2023-08-01,-0.005639681901517757
2023-08-02,-0.004826550420871434
2023-08-03,-0.01088843128275585
2023-08-04,-0.016870541918076354
2023-08-07,-0.02285515724130649
2023-08-08,-0.014162334008952504
2023-08-09,-0.02510345934440994
2023-08-10,-0.020984504231743473
2023-08-11,-0.02427480730103959
2023-08-14,-0.021145232607150732
2023-08-15,-0.01991614054232771
2023-08-16,-0.023894771258716196
2023-08-17,0.0
2023-08-18,-0.009852999138549312
2023-08-21,-0.015162905351776113
2023-08-22,-0.027334712965800367
2023-08-23,-0.020800509251898025
2023-08-24,-0.02494885472944175
2023-08-25,-0.04429730181475955
2023-08-28,-0.03747088996499648
2023-08-29,-0.009194188383263358
2023-08-30,-0.004669899503367159
2023-08-31,-0.001953884037388276
2023-09-01,0.0
2023-09-04,0.0
2023-09-05,-0.019910626785008878
2023-09-06,-0.020825528858093967
2023-09-07,-0.025463821391806363
2023-09-08,-0.03929216303790517
2023-09-11,-0.03550556141760275
2023-09-12,-0.043924947977063145
2023-09-13,-0.047330725802861795
2023-09-14,-0.050389515920150285
2023-09-15,-0.04734067128047603
2023-09-18,-0.03142502928045943
2023-09-19,-0.041907716447994625
2023-09-20,-0.04557515456286598
2023-09-21,-0.04874161666113597
2023-09-22,-0.040541675359200946
2023-09-25,-0.03931422326464784
2023-09-26,-0.042073122504514227
2023-09-27,-0.03680153858642654
2023-09-28,-0.025953926365617996
2023-10-09,-0.038044336452547345
2023-10-10,-0.03959843688884779
2023-10-11,-0.04021369192290092
2023-10-12,-0.04098991823338971
2023-10-13,-0.05491583268428524
2023-10-16,-0.05084099701134248
2023-10-17,-0.04327417475882711
2023-10-18,-0.0562766246018066
2023-10-19,-0.05800075104882174
2023-10-20,-0.0569166319461466
2023-10-23,-0.06984467872516675
2023-10-24,-0.04707761637411223
2023-10-25,-0.037546610109832845
2023-10-26,-0.03754492472086235
2023-10-27,-0.036540756495308635
2023-10-30,-0.030057567743547398
2023-10-31,-0.03178316873685927
2023-11-01,-0.025320999690404244
2023-11-02,-0.01405379872804613
2023-11-03,-0.0005646432536668966
2023-11-06,0.0
2023-11-07,0.0
2023-11-08,0.0
2023-11-09,-0.031494114045701016
2023-11-10,-0.04695995663358943
2023-11-13,-0.04985128691579177
2023-11-14,-0.05399488256655982
2023-11-15,-0.05398022877790032
2023-11-16,-0.056783816768552264
2023-11-17,-0.05312862173978794
2023-11-20,-0.03629438834443888
2023-11-21,-0.02296294864380566
2023-11-22,-0.024211609230151754
2023-11-23,-0.022269631474238327
2023-11-24,-0.02462552213941971
2023-11-27,-0.031637693381926124
2023-11-28,-0.020516560383939786
2023-11-29,-0.02122980972310473
2023-11-30,-0.026559476758972078
2023-12-01,-0.014476228402474978
2023-12-04,-0.0025449677142862503
2023-12-05,0.0
2023-12-06,0.0
2023-12-07,-0.0007275929310387452
2023-12-08,-0.016447678801584154
2023-12-11,-0.015613901473273573
2023-12-12,-0.0022201037745681607
2023-12-13,-0.00556277569991237
2023-12-14,-0.0044652104939364445
2023-12-15,-0.0008195551514084132
2023-12-18,-0.00849325992948613
2023-12-19,-0.00017712392974600366
2023-12-20,-0.00792620314208825
2023-12-21,0.0
2023-12-22,-0.0211022206718825
2023-12-25,-0.030685863087611898
2023-12-26,-0.041907873092969394
2023-12-27,-0.03175661612118208
2023-12-28,-0.02669570163634538
2023-12-29,-0.011889008896935338
2024-01-02,0.0
2024-01-03,-0.0030449076117929907
2024-01-04,0.0
2024-01-05,0.0
2024-01-08,-0.0031612627277162186
2024-01-09,0.0
2024-01-10,-0.009804047622124945
2024-01-11,-0.0023315367990854874
2024-01-12,-0.010307635995330022
2024-01-15,-0.004223583559910371
2024-01-16,-0.007050485975804377
2024-01-17,-0.02063915437001873
2024-01-18,-0.038744377674159725
2024-01-19,-0.04094820116706055
2024-01-22,-0.08417808173133678
2024-01-23,-0.09090747447998704
2024-01-24,-0.08463269448856214
2024-01-25,-0.07449915334680313
2024-01-26,-0.0707780333003728
2024-01-29,-0.08065016172741957
2024-01-30,-0.10645618138875124
2024-01-31,-0.14558653745654748
2024-02-01,-0.1501189246342305
2024-02-02,-0.1501189246342305
2024-02-05,-0.1501189246342305
2024-02-06,-0.15711547814478033
2024-02-07,-0.20885249461400202
2024-02-08,-0.214265696293664
2024-02-19,-0.21114423575662844
2024-02-20,-0.19320856405700948
2024-02-21,-0.17582446258044226
2024-02-22,-0.14844158917476147
2024-02-23,-0.12892878540961328
2024-02-26,-0.11212728063002109
2024-02-27,-0.10031453977763627
2024-02-28,-0.14486106851594538
2024-02-29,-0.14370405350414817
2024-03-01,-0.14189492793547043
2024-03-04,-0.1399879664050061
2024-03-05,-0.13993854939075
2024-03-06,-0.11589639795119488
2024-03-07,-0.10154240030487183
2024-03-08,-0.08368075726594648
2024-03-11,-0.059278771521760976
2024-03-12,-0.03382575463408111
2024-03-13,-0.010753394273307904
2024-03-14,0.0
2024-03-15,0.0
2024-03-18,0.0
2024-03-19,0.0
2024-03-20,0.0
2024-03-21,0.0
2024-03-22,-0.011303621432957822
2024-03-25,-0.013657399614893206
2024-03-26,-0.012554819612506374
2024-03-27,-0.03154129279561102
2024-03-28,-0.01870436551352561
2024-03-29,-0.007559309219009158
2024-04-01,-0.0037567988628839366
2024-04-02,-0.0037567988628839366
2024-04-03,-0.0037567988628839366
2024-04-08,-0.0037567988628839366
2024-04-09,-0.0037567988628839366
2024-04-10,-0.0037567988628839366
2024-04-11,-0.0037567988628839366
2024-04-12,-0.0037567988628839366
2024-04-15,-0.0037567988628839366
2024-04-16,-0.0037567988628839366
2024-04-17,-0.0037567988628839366
2024-04-18,-0.0037567988628839366
2024-04-19,-0.0037567988628839366
2024-04-22,-0.0037567988628839366
2024-04-23,-0.0037567988628839366
2024-04-24,-0.0037567988628839366
2024-04-25,-0.0037567988628839366
2024-04-26,-0.0037567988628839366
2024-04-29,-0.0037567988628839366
2024-04-30,-0.0037567988628839366
2024-05-06,-0.0037567988628839366
2024-05-07,-0.000790330317069099
2024-05-08,-0.0075664441378143765
2024-05-09,-0.003982151769675757
2024-05-10,-0.005865375281564944
2024-05-13,-0.02100199780544576
2024-05-14,-0.012959298437608568
2024-05-15,-0.0023663291172584255
2024-05-16,0.0
2024-05-17,0.0
2024-05-20,-0.01306782790415073
2024-05-21,-0.020491298231728128
2024-05-22,-0.011435091806996645
2024-05-23,-0.03717596128828071
2024-05-24,-0.035565785115938664
2024-05-27,-0.027003836605153042
2024-05-28,-0.04223037774412519
2024-05-29,-0.013112630914753454
2024-05-30,-0.04251017606304275
2024-05-31,-0.03385086434357565
2024-06-03,-0.056491477832604775
2024-06-04,-0.05369098194654609
2024-06-05,-0.046677561489845476
2024-06-06,-0.05493100138952922
2024-06-07,-0.052581851466433904
2024-06-11,-0.04257899173772717
2024-06-12,-0.014878845615698855
2024-06-13,-0.020952980360022022
2024-06-14,-0.010712972518155506
2024-06-17,-0.010948774444587306
2024-06-18,-0.002674148027870582
2024-06-19,0.0
2024-06-20,-0.016508516126747863
2024-06-21,-0.017528292711764037
2024-06-24,-0.04859970826901072
2024-06-25,-0.0402729282412837
2024-06-26,-0.019599433866412497
2024-06-27,-0.028132278701734847
2024-06-28,-0.02949184335661248
2024-07-01,-0.020430706216260308
2024-07-02,-0.00535138876620378
2024-07-03,-0.006954498095188999
2024-07-04,-0.037957691793070514
2024-07-05,-0.02427568949160197
2024-07-08,-0.05158620184055207
2024-07-09,-0.0613658732374891
2024-07-10,-0.08041734667454459
2024-07-11,-0.06605572194228404
2024-07-12,-0.06322743547194432
2024-07-15,-0.0702517906377933
2024-07-16,-0.07872751788115395
2024-07-17,-0.08432460481103521
2024-07-18,-0.08485819213076118
2024-07-19,-0.07684541494400132
2024-07-22,-0.058827069624968975
2024-07-23,-0.0537934779324698
2024-07-24,-0.05471056680860742
2024-07-25,-0.061078351656495555
2024-07-26,-0.05911775172020839
2024-07-29,-0.041853525793005275
2024-07-30,-0.020417553164679636
2024-07-31,-0.008852490686925063
2024-08-01,-0.0008834304564939721
2024-08-02,-0.0010833477674496717
2024-08-05,-0.01254139014449751
2024-08-06,0.0
2024-08-07,0.0
2024-08-08,0.0
2024-08-09,-0.014772730551939062
2024-08-12,-0.021560468823390355
2024-08-13,-0.014791101483208169
2024-08-14,-0.01789079951232264
2024-08-15,-0.011647368802268021
2024-08-16,-0.02057605956675257
2024-08-19,-0.024071431504155805
2024-08-20,-0.04177131997350614
2024-08-21,-0.043693073922325354
2024-08-22,-0.05315214117013389
2024-08-23,-0.060701497858846154
2024-08-26,-0.0493895788629809
2024-08-27,-0.05830727422379467
2024-08-28,-0.04509117320099221
2024-08-29,-0.04290136121603383
2024-08-30,-0.03151440473692291
2024-09-02,-0.04082494870835551
2024-09-03,-0.038749268665936865
2024-09-04,-0.04328886232246887
2024-09-05,-0.03522742444382165
2024-09-06,-0.044110069765952
2024-09-09,-0.04653931976551984
2024-09-10,-0.034108214058088615
2024-09-11,-0.04809822547078757
2024-09-12,-0.044128666088916524
2024-09-13,-0.050577170051929965
2024-09-18,-0.055331581653177864
2024-09-19,-0.032823357537130615
2024-09-20,-0.04067640826364627
2024-09-23,-0.03712983855683927
2024-09-24,-0.01768354367329994
2024-09-25,-0.00854098895647315
2024-09-26,0.0
2024-09-27,0.0
2024-09-30,0.0
2024-10-08,0.0
2024-10-09,0.0
2024-10-10,0.0
2024-10-11,0.0
2024-10-14,0.0
2024-10-15,0.0
2024-10-16,0.0
2024-10-17,0.0
2024-10-18,0.0
2024-10-21,-0.00015327206768445123
2024-10-22,0.0
2024-10-23,0.0
2024-10-24,-0.0005302950793732997
2024-10-25,0.0
2024-10-28,0.0
2024-10-29,0.0
2024-10-30,0.0
2024-10-31,0.0
2024-11-01,-0.03651517382868563
2024-11-04,-0.04770868938296635
2024-11-05,-0.04217042330813636
2024-11-06,-0.034970466597801786
2024-11-07,-0.019295468195687726
2024-11-08,-0.027579353977959298
2024-11-11,-0.014772286140679936
2024-11-12,-0.018032823405956133
2024-11-13,-0.011048245044637972
2024-11-14,-0.025254100805246038
2024-11-15,-0.03290899072710807
2024-11-18,-0.04387957093146044
2024-11-19,-0.034597528487831375
2024-11-20,-0.014947667655766828
2024-11-21,-0.007868842660745279
2024-11-22,-0.034315959390272543
2024-11-25,-0.012645053380964
2024-11-26,-0.008270258234251093
2024-11-27,-0.0026709336690629026
2024-11-28,0.0
2024-11-29,0.0
2024-12-02,0.0
2024-12-03,0.0
2024-12-04,0.0
2024-12-05,0.0
2024-12-06,0.0
2024-12-09,0.0
2024-12-10,-0.0023515025643192633
2024-12-11,0.0
2024-12-12,0.0
2024-12-13,-0.005308642995183965
2024-12-16,0.0
2024-12-17,-0.046019523407749285
2024-12-18,-0.051822483350123294
2024-12-19,-0.05056674174266407
2024-12-20,-0.04093036353451085
2024-12-23,-0.055196794399625104
2024-12-24,-0.06593447204495817
2024-12-25,-0.08519322030062537
2024-12-26,-0.07152512270405009
2024-12-27,-0.06448931508066869
2024-12-30,-0.07340311241524988
2024-12-31,-0.08712838378466625
2025-01-02,-0.08114971119481185
2025-01-03,-0.11698260187762277
2025-01-06,-0.11662696337484202
2025-01-07,-0.0888760576250851
2025-01-08,-0.08713505963069335
2025-01-09,-0.08218480021521357
2025-01-10,-0.11330154859977981
2025-01-13,-0.10984490484094722
2025-01-14,-0.07426382493552819
2025-01-15,-0.06769612532385882
2025-01-16,-0.06480478617994467
2025-01-17,-0.07573561691853092
2025-01-20,-0.061470217164373286
2025-01-21,-0.07369124905105884
2025-01-22,-0.08537235784608277
2025-01-23,-0.08234701366161068
2025-01-24,-0.07068190022221388
2025-01-27,-0.06980395371699155
2025-02-05,-0.057753791411788935
2025-02-06,-0.05164698705960413
2025-02-07,-0.05358723389355724
2025-02-10,-0.04412157964304231
2025-02-11,-0.04524087271350852
2025-02-12,-0.04509565966189344
2025-02-13,-0.05319355552604976
2025-02-14,-0.056364801721783375
2025-02-17,-0.0414136431451837
2025-02-18,-0.05558571199879769
2025-02-19,-0.05008966390172842
2025-02-20,-0.04306894286527363
2025-02-21,-0.05055740869208436
2025-02-24,-0.046067411560608784
2025-02-25,-0.04996275122000615
2025-02-26,-0.042274022485701335
2025-02-27,-0.03779006070118174
2025-02-28,-0.04672662474400824
2025-03-03,-0.044356874390277135
2025-03-04,-0.03601967441266929
2025-03-05,-0.04331088884830325
2025-03-06,-0.02899797612606192
2025-03-07,-0.03932363993253707
2025-03-10,-0.031317575661519936
2025-03-11,-0.027824345700330655
2025-03-12,-0.0270494365653986
2025-03-13,-0.03429330479975845
2025-03-14,-0.025705423610320688
2025-03-17,-0.010771775491858815
2025-03-18,-0.00019880967732588406
2025-03-19,-0.00731030725594084
2025-03-20,-0.007753995163698013
2025-03-21,-0.014861723416631611
2025-03-24,-0.03202491012364228
2025-03-25,-0.020215098299851242
2025-03-26,0.0
2025-03-27,-0.0034022734208313254
2025-03-28,-0.0051223209784715396
2025-03-31,-0.021264675974021374
2025-04-01,-0.0213712618787818
2025-04-02,-0.0213712618787818
2025-04-03,-0.0213712618787818
2025-04-07,-0.0213712618787818
2025-04-08,-0.0213712618787818
2025-04-09,-0.0213712618787818
2025-04-10,-0.0213712618787818
2025-04-11,-0.0213712618787818
2025-04-14,-0.0213712618787818
2025-04-15,-0.0213712618787818
2025-04-16,-0.0213712618787818
2025-04-17,-0.0213712618787818
2025-04-18,-0.0213712618787818
2025-04-21,-0.0213712618787818
2025-04-22,-0.0213712618787818
2025-04-23,-0.0213712618787818
2025-04-24,-0.0213712618787818
2025-04-25,-0.0213712618787818
2025-04-28,-0.0213712618787818
2025-04-29,-0.0213712618787818
2025-04-30,-0.0213712618787818
2025-05-06,-0.003788414305770482
2025-05-07,-0.00214862520101744
2025-05-08,0.0
2025-05-09,-0.0024630777699944373
2025-05-12,0.0
2025-05-13,-0.0043558568438964995
2025-05-14,-0.009957452907389919
2025-05-15,0.0
2025-05-16,0.0
2025-05-19,0.0
2025-05-20,0.0
2025-05-21,-0.005858119276186846
2025-05-22,-0.017245445170963714
2025-05-23,-0.012556867500398528
2025-05-26,-0.013009583488145515
2025-05-27,-0.006232179172838692
2025-05-28,-0.011091839626919953
2025-05-29,-0.004770017998992571
2025-05-30,-0.014129438378204795
2025-06-03,-0.003024767014284002
2025-06-04,0.0
2025-06-05,-0.00880964306249199
2025-06-06,0.0
2025-06-09,0.0
2025-06-10,-0.008022719934396294
2025-06-11,-0.004563785008771304
2025-06-12,-0.007017708335482098
2025-06-13,-0.02195086008850633
2025-06-16,-0.016297589309932414
2025-06-17,-0.020025527648445007
2025-06-18,-0.02980739626032558
2025-06-19,-0.04742064911250177
2025-06-20,-0.030198137042068196
2025-06-23,-0.014586247979575306
2025-06-24,0.0
2025-06-25,-0.00020829119516385664
2025-06-26,0.0
2025-06-27,0.0
2025-06-30,-0.00354792138920923
2025-07-01,-0.0022789660035542614
2025-07-02,-0.00024711539775490454
2025-07-03,0.0
2025-07-04,-0.00948949425722212
2025-07-07,0.0
2025-07-08,0.0
2025-07-09,0.0
2025-07-10,0.0
2025-07-11,-0.004473422735016275
2025-07-14,0.0
2025-07-15,-0.013418565544392025
2025-07-16,-0.005796448280384836
2025-07-17,-0.001782470525752755
2025-07-18,-0.003963897099429126
2025-07-21,0.0
2025-07-22,-0.0022907846013957567
2025-07-23,-0.0013678422653353728
2025-07-24,0.0
2025-07-25,0.0
2025-07-28,0.0
2025-07-29,-0.010167341319504919
2025-07-30,-0.006788116639107944
2025-07-31,-0.01812798567744056
2025-08-01,-0.008234025274558299
2025-08-04,-0.0014676392861376897
2025-08-05,0.0
2025-08-06,0.0
2025-08-07,-0.0015108352054380436
2025-08-08,0.0
2025-08-11,0.0
2025-08-12,0.0
2025-08-13,-0.0065411483898861755
2025-08-14,-0.015086136268418482
2025-08-15,-0.023552674664931827
2025-08-18,-0.018292939221436155
2025-08-19,-0.009885846733952097
2025-08-20,-0.0059657301318885025
2025-08-21,-0.002560693148308868
2025-08-22,-0.011044875085547745
2025-08-25,-0.011556787489145792
2025-08-26,-0.0020139170985551402
2025-08-27,-0.02895730168301547
2025-08-28,-0.032072032278271156
2025-08-29,-0.0354748990951852
2025-09-01,-0.026178206244147684
2025-09-02,-0.030348142086892183
2025-09-03,-0.043877312148598024
2025-09-04,-0.035620884516067486
2025-09-05,-0.0316019172441977
2025-09-08,-0.01940295395363234
2025-09-09,-0.019495500545814726
2025-09-10,-0.01521419596693352
2025-09-11,-0.01410008572864263
2025-09-12,-0.018382346999951893
2025-09-15,-0.019636964401601786
2025-09-16,-0.011242397718325803
2025-09-17,-0.015988149395480322
2025-09-18,-0.031052334751161093
2025-09-19,-0.03428341697396309
2025-09-22,-0.0429966811812903
2025-09-23,-0.0546617293162619
2025-09-24,-0.03649372514875715
2025-09-25,-0.032183046268265736
2025-09-26,-0.02609336049346911
2025-09-29,-0.022428229424376833
2025-09-30,-0.020935977954295026
2025-10-09,-0.026076784120955376
2025-10-10,-0.00978155984274931
2025-10-13,-0.014725689481831061
2025-10-14,-0.011189046258876956
2025-10-15,-0.0056900211063927175
2025-10-16,-0.014038378356055148
2025-10-17,-0.015289255865465812
2025-10-20,-0.006237231411994171
2025-10-21,0.0
2025-10-22,0.0
2025-10-23,0.0
2025-10-24,0.0
2025-10-27,-0.005438579094482199
2025-10-28,0.0
2025-10-29,-0.0067948034975618965
2025-10-30,-0.00867695234209409
2025-10-31,-6.46387122820169e-05
2025-11-03,0.0
2025-11-04,0.0
2025-11-05,0.0
2025-11-06,0.0
2025-11-07,-0.0016464414317156617
2025-11-10,0.0
2025-11-11,-0.0008099609715948031
2025-11-12,0.0
2025-11-13,0.0
2025-11-14,0.0
2025-11-17,0.0
2025-11-18,-0.004622930985823892
2025-11-19,-0.02129482584759379
2025-11-20,-0.028953323137697162
2025-11-21,-0.06091419370499984
2025-11-24,-0.051131730308465295
2025-11-25,-0.041232645048025485
2025-11-26,-0.04774484997442119
2025-11-27,-0.03763801026904767
2025-11-28,-0.020395841232268452
2025-12-01,-0.023454692340348804
2025-12-02,-0.021799570690350212
2025-12-03,-0.013999169845540393
2025-12-04,-0.021889383546170538
2025-12-05,-0.012197007332059195
2025-12-08,0.0
2025-12-09,-0.008402417180898403
2025-12-10,-0.016922060572762576
2025-12-11,-0.02972248336530514
2025-12-12,-0.03834707457785147
2025-12-15,-0.0359407365593688
2025-12-16,-0.04660332338556261
2025-12-17,-0.029772961277988563
2025-12-18,-0.015845842401408516
2025-12-19,-0.005724854137704072
2025-12-22,-0.005574597666774372
2025-12-23,-0.014214566184955646
2025-12-24,-0.012251919915293064
2025-12-25,-0.0058178177064178715
2025-12-26,-0.012273550857824445
2025-12-29,-0.007414684270349414
2025-12-30,-0.01102108598069751
2025-12-31,-0.0055632090827526515
2026-01-05,-2.5407139609967544e-06
2026-01-06,0.0
2026-01-07,-0.011241289614577155
2026-01-08,0.0
2026-01-09,0.0
2026-01-12,0.0
2026-01-13,-0.002193835041343184
2026-01-14,-0.0036519736474744935
2026-01-15,-0.004206324026984731
2026-01-16,-0.006170654020609012
2026-01-19,0.0
2026-01-20,0.0
2026-01-21,0.0
2026-01-22,0.0
2026-01-23,-0.0023860452174129243
2026-01-26,-0.004791018894481636
2026-01-27,-0.008862051993698716
2026-01-28,-0.014390599881128341
2026-01-29,-0.015380006655525635
2026-01-30,-0.0019090711635948443
2026-02-02,-0.00598221630831719
2026-02-03,0.0
2026-02-04,0.0
2026-02-05,0.0
2026-02-06,0.0
2026-02-09,0.0
2026-02-10,0.0
2026-02-11,-0.00684232417833075
2026-02-12,-0.015597136153000735
2026-02-13,-0.01139425701510699
2026-02-24,-0.0011471301252915511
2026-02-25,-0.0028379915828065094
2026-02-26,-0.00792354786137639
2026-02-27,-0.00021402203424447652
2026-03-02,-0.02765566236643824
2026-03-03,-0.040819970196382505
2026-03-04,-0.04653009542853248
2026-03-05,-0.0402044965424212
2026-03-06,-0.021224527099473978
2026-03-09,-0.024035052921329014
2026-03-10,-0.008846690737388196
2026-03-11,-0.012526778625318813
2026-03-12,-0.021825493980184185
2026-03-13,-0.02290661362275892
2026-03-16,-0.024340184267230502
2026-03-17,-0.03697147768852804
2026-03-18,-0.028792657546559353
2026-03-19,-0.04469017589351454
2026-03-20,-0.064985893280054
2026-03-23,-0.08306812539488972
2026-03-24,-0.05698406087300045
2026-03-25,-0.04442771987655636
2026-03-26,-0.0499367454959303
2026-03-27,-0.04449867138146102
2026-03-30,-0.03826133096602735
2026-03-31,-0.04604888722041112
2026-04-01,-0.038136929396436425
2026-04-02,-0.038136929396436425
2026-04-03,-0.038136929396436425
2026-04-07,-0.038136929396436425
2026-04-08,-0.038136929396436425
2026-04-09,-0.038136929396436425
2026-04-10,-0.038136929396436425
2026-04-13,-0.038136929396436425
2026-04-14,-0.038136929396436425
2026-04-15,-0.038136929396436425
2026-04-16,-0.038136929396436425
2026-04-17,-0.038136929396436425
2026-04-20,-0.038136929396436425
2026-04-21,-0.038136929396436425
2026-04-22,-0.038136929396436425
2026-04-23,-0.038136929396436425
2026-04-24,-0.038136929396436425
2026-04-27,-0.038136929396436425
2026-04-28,-0.038136929396436425
2026-04-29,-0.038136929396436425
2026-04-30,-0.038136929396436425
2026-05-06,-0.038136929396436425
2026-05-07,-0.038136929396436425
2026-05-08,-0.038136929396436425
2026-05-11,-0.038136929396436425
2026-05-12,-0.050803969340290966
2026-05-13,-0.05349088352864506
2026-05-14,-0.05396066658196996
2026-05-15,-0.05995384347815691
2026-05-18,-0.05272417790879824
2026-05-19,-0.05393233737756775
2026-05-20,-0.06361135739105195
2026-05-21,-0.08998793908041036
2026-05-22,-0.08278357910717193
2026-05-25,-0.08783002879847501
2026-05-26,-0.10075710896160162
2026-05-27,-0.10974229234968247
2026-05-28,-0.11204007757856571
2026-05-29,-0.11439645007161858
2026-06-01,-0.10446848236791273
2026-06-02,-0.12913497229003623
2026-06-03,-0.1418328693727171
2026-06-04,-0.15483366127699094
2026-06-05,-0.1543258419646577
2026-06-08,-0.1543258419646577
2026-06-09,-0.15640977483693386
2026-06-10,-0.16011523712203546
2026-06-11,-0.16716761000433655
2026-06-12,-0.15687359505271403
2026-06-15,-0.17081909238051074
2026-06-16,-0.17390705163897835
2026-06-17,-0.18694250216315889
2026-06-18,-0.18968354251022423
2026-06-22,-0.1893203717412567
2026-06-23,-0.17882376324693483
2026-06-24,-0.20260254250980603
2026-06-25,-0.21001004300598758
2026-06-26,-0.2146045023809482
2026-06-29,-0.21347791217824275
2026-06-30,-0.2219898604978484
2026-07-01,-0.20343105016901308
2026-07-02,-0.2041114461007033
2026-07-03,-0.190319927109999
2026-07-06,-0.19427331633387357
2026-07-07,-0.21246085147928673
2026-07-08,-0.21464495947928852
2026-07-09,-0.2192692726945129
2026-07-10,-0.20676879519127445
2026-07-13,-0.22159759218521835
2026-07-14,-0.2067556589852274
2026-07-15,-0.19660649202565017
2026-07-16,-0.1883660146240672
2026-07-17,-0.21117884370335216
2026-07-20,-0.23197684407791408
2026-07-21,-0.24350582118421316
2026-07-22,-0.24722537242758869
2026-07-23,-0.24049958167926
2026-07-24,-0.24683802482765194
2026-07-27,-0.24092119956015912
2026-07-28,-0.2330047716979904
2026-07-29,-0.21689668682885443
2026-07-30,-0.21573252708350188
2026-07-31,-0.2032961825174563
2026-08-03,-0.18222177091224345
2026-08-04,-0.1781783187586614
2026-08-05,-0.18090198064117324
2026-08-06,-0.1778034608764435
2026-08-07,-0.18031069570406166
2026-08-10,-0.16251242271254296
2026-08-11,-0.16446752869991188
2026-08-12,-0.16191707760733876
2026-08-13,-0.1675125467286277
2026-08-14,-0.16798438190940435
2026-08-18,-0.16072318856357148
2026-08-19,-0.1745083127588566
2026-08-20,-0.16294147944370185
2026-08-21,-0.16327649192963156
2026-08-22,-0.16327649192963156
2026-08-24,-0.15897882400420316
2026-08-25,-0.14992008166544823
2026-08-26,-0.1466750587625214
2026-08-27,-0.15988575236402724
2026-08-28,-0.1626777823776977
