date,signal_date,num_hold,turnover,bought,sold
2016-01-05,2016-01-04,7,0.3056053962766876,"002193,600099,002057,600152,600985,600980,600419",
2016-01-08,2016-01-07,6,0.04633972318134113,,600152
2016-01-12,2016-01-11,3,0.4323136688128932,"600137,600152,002125","002193,600099,002057,600985,600980,600419"
2016-01-18,2016-01-15,2,0.05206101463928522,,002125
2016-01-19,2016-01-18,7,0.47205286316294226,"002057,002193,600099,002125,600605,002679,002034","600137,600152"
2016-01-25,2016-01-22,6,0.058937483705917164,,002679
2016-01-26,2016-01-25,5,0.1594363720459065,600796,"002125,002034"
2016-01-27,2016-01-26,3,0.10068997793513967,,"600099,600796"
2016-01-29,2016-01-28,0,0.1349705317724643,,"002057,002193,600605"
2016-02-02,2016-02-01,7,0.3465310466528423,"600099,002193,002057,600137,600605,600796,600731",
2016-02-05,2016-02-04,6,0.052075479270555995,,600137
2016-02-16,2016-02-15,5,0.2778236086977007,"600137,600448","600605,600796,600731"
2016-02-23,2016-02-22,4,0.06338337317110114,,600448
2016-03-01,2016-02-29,7,0.2707678534588154,"002627,600455,600593,000785",600137
2016-03-08,2016-03-07,5,0.10811648742420041,,"000785,600593"
2016-03-14,2016-03-11,4,0.051374579183682566,,002193
2016-03-15,2016-03-14,5,0.05937977333149031,600593,
2016-03-17,2016-03-16,4,0.0659134640047882,,600593
2016-03-22,2016-03-21,4,0.23225347771862156,"002193,600719","002627,600455"
2016-03-29,2016-03-28,5,0.06007284315416093,600455,
2016-04-01,2016-03-31,1,0.23167207473100224,,"600099,002193,600719,600455"
2016-04-25,2016-04-22,0,0.04758549213108808,,002057
2016-05-03,2016-04-29,6,0.3501691359726099,"002193,002627,600985,600448,600731,600719",
2016-05-10,2016-05-09,2,0.29164552083544737,000985,"002193,002627,600448,600731,600719"
2016-05-17,2016-05-16,6,0.3056417579613881,"002193,002627,600731,000785,600448",000985
2016-05-19,2016-05-18,5,0.05541783438315137,,002193
2016-05-24,2016-05-23,5,0.12035667221415919,002193,600448
2016-05-31,2016-05-30,5,0.12233795611212245,600561,600731
2016-06-07,2016-06-06,5,0.12112032544713104,600448,600561
2016-06-14,2016-06-13,6,0.059985280260707624,600605,
2016-06-15,2016-06-14,5,0.05833315280488181,,600448
2016-06-21,2016-06-20,5,0.11979403457224548,600448,600985
2016-07-12,2016-07-11,5,0.12332245763395391,600561,000785
2016-07-19,2016-07-18,5,0.12087381977704681,600985,600561
2016-07-26,2016-07-25,6,0.04324651468602566,600561,
2016-08-02,2016-08-01,7,0.006271523450637613,000692,
2016-08-09,2016-08-08,6,0.1108204391316087,600719,"600561,000692"
2016-08-16,2016-08-15,6,0.12870042317455752,600561,002193
2016-08-22,2016-08-19,5,0.06358798505798711,,002627
2016-08-30,2016-08-29,5,0.24046123103689163,"600099,002627","600605,600985"
2016-09-06,2016-09-05,5,0.11935378884497655,002057,600561
2016-09-07,2016-09-06,4,0.06466036747380483,,002057
2016-09-13,2016-09-12,6,0.11771872764770581,"002057,600605",
2016-10-11,2016-10-10,5,0.060262606127384134,,600448
2016-10-25,2016-10-24,5,0.1211072284236386,600448,600605
2016-11-01,2016-10-31,6,0.16741258908818957,"600444,600605",600719
2016-11-08,2016-11-07,5,0.05804999394509464,,600605
2016-11-22,2016-11-21,5,0.12563969572202832,600731,002627
2016-11-29,2016-11-28,5,0.1206856015405932,002627,600731
2016-12-06,2016-12-05,6,0.17917836808926976,"600561,600731",002627
2016-12-13,2016-12-12,6,0.06372569116149476,000610,600448
2016-12-20,2016-12-19,6,0.18631174237864884,"600448,002627","600731,000610"
2016-12-26,2016-12-23,5,0.07056307197600899,,600099
2016-12-28,2016-12-27,4,0.0645180933338113,,002057
2017-01-03,2016-12-30,6,0.12028826234107869,"002057,002760",
2017-01-10,2017-01-09,5,0.06024162169740994,,002760
2017-01-16,2017-01-13,4,0.054370350597075436,,002057
2017-01-17,2017-01-16,4,0.2899318525623314,"002057,600593,002760","600444,600561,002627"
2017-01-24,2017-01-23,5,0.26902737661403847,"002627,600444,600561","600593,002760"
2017-02-21,2017-02-20,5,0.11902148186349762,600593,600448
2017-03-07,2017-03-06,6,0.05980033503225393,600448,
2017-03-14,2017-03-13,5,0.17938809172671671,000610,"600593,600448"
2017-03-21,2017-03-20,5,0.12160571963064827,600448,000610
2017-03-31,2017-03-30,4,0.05810638049843669,,600448
2017-04-05,2017-03-31,0,0.22259552620779804,,"002057,002627,600444,600561"
2017-05-02,2017-04-28,6,0.3477789322215769,"600605,002057,002627,600448,000929,600593",
2017-05-09,2017-05-08,6,0.11787329999188338,600796,600593
2017-05-23,2017-05-22,5,0.1735399099033343,002209,"002627,000929"
2017-05-24,2017-05-23,3,0.11009465572382143,,"600448,600796"
2017-05-25,2017-05-24,2,0.057546943431095746,,002057
2017-06-02,2017-06-01,0,0.11175312425427841,,"600605,002209"
2017-06-06,2017-06-05,6,0.34832981481544095,"600605,002057,002627,002209,600448,600796",
2017-06-13,2017-06-12,5,0.05807337978162599,,600448
2017-06-20,2017-06-19,5,0.12340188525524284,600448,002209
2017-07-04,2017-07-03,5,0.12331522246797823,002778,002057
2017-07-11,2017-07-10,5,0.11800906434201835,000929,600796
2017-07-18,2017-07-17,5,0.17558036781372655,"600796,002209","600448,002778"
2017-07-25,2017-07-24,5,0.18741745142646718,"002778,600448","600796,002209"
2017-08-07,2017-08-04,4,0.058089765926594525,,000929
2017-08-08,2017-08-07,5,0.05924219663940996,000929,
2017-08-15,2017-08-14,5,0.1251086953045893,002780,000929
2017-08-18,2017-08-17,4,0.06881844048940632,,002780
2017-08-22,2017-08-21,4,0.12036686112299645,000929,002778
2017-08-29,2017-08-28,5,0.2977211004689688,"600593,600561,002778","600448,000929"
2017-09-05,2017-09-04,5,0.1212524108577014,600448,002627
2017-09-12,2017-09-11,5,0.12067124318406547,600444,600448
2017-09-25,2017-09-22,4,0.06358316629274481,,600444
2017-09-26,2017-09-25,6,0.11917924147838661,"000929,600448",
2017-10-10,2017-10-09,5,0.061576199362848257,,600448
2017-10-17,2017-10-16,6,0.059723359067119265,002627,
2017-10-24,2017-10-23,6,0.12099304082842396,600444,002627
2017-10-31,2017-10-30,5,0.2933072847490337,"600768,000702","600561,000929,600444"
2017-11-07,2017-11-06,6,0.18038609641083803,"600561,000929",002778
2017-11-14,2017-11-13,5,0.06083422298228191,,000929
2017-11-21,2017-11-20,5,0.22885252405681353,"000929,603031","600605,600593"
2017-11-28,2017-11-27,5,0.2376090877576311,"603090,600444","000702,000929"
2017-12-05,2017-12-04,5,0.23146314969769144,"000702,600605","603031,600444"
2017-12-06,2017-12-05,4,0.05687038384991469,,600561
2017-12-12,2017-12-11,5,0.18012327599780964,"603031,600561",603090
2017-12-19,2017-12-18,5,0.11988074979322975,603090,600768
2017-12-26,2017-12-25,5,0.22912113128776987,"603819,002205","000702,600605"
2018-01-02,2017-12-29,5,0.24154997687441807,"000702,600768","603819,002205"
2018-01-09,2018-01-08,5,0.11865551787825185,600605,600561
2018-01-16,2018-01-15,5,0.11110354177668649,600561,600768
2018-01-23,2018-01-22,6,0.17625718242000796,"600768,002816",600605
2018-01-30,2018-01-29,6,0.24704189559670303,"002205,603819","603031,000702"
2018-02-01,2018-01-31,4,0.10973299447870961,,"603090,002816"
2018-02-02,2018-02-01,1,0.16180005971762149,,"600561,600768,603819"
2018-02-05,2018-02-02,0,0.057326181746877695,,002205
2018-02-06,2018-02-05,7,0.34225684256514977,"600768,002816,603090,603819,600561,000702,002205",
2018-02-07,2018-02-06,4,0.142328085070836,,"002816,603090,000702"
2018-02-12,2018-02-09,3,0.04804314679732614,,002205
2018-02-13,2018-02-12,7,0.40327982556448744,"000929,002816,603090,002778,600099,000702","603819,600561"
2018-02-27,2018-02-26,4,0.15189231724974428,,"002778,600099,000702"
2018-03-06,2018-03-05,5,0.0600415514929608,000702,
2018-03-20,2018-03-19,5,0.11913053862456871,603991,000702
2018-03-27,2018-03-26,6,0.05998298652404026,002778,
2018-04-02,2018-03-30,0,0.3370489000202451,,"600768,000929,002816,603090,603991,002778"
2018-05-08,2018-05-07,5,0.2996259910811241,"000702,600605,600561,600099,603330",
2018-05-22,2018-05-21,5,0.12238665578166849,600847,603330
2018-05-29,2018-05-28,6,0.05448645664869629,002420,
2018-05-31,2018-05-30,3,0.1695311220993692,,"600605,600561,600847"
2018-06-05,2018-06-04,6,0.3011525325455586,"002209,600605,600561,002576",600099
2018-06-12,2018-06-11,5,0.1682793440373802,002760,"000702,002420"
2018-06-19,2018-06-15,3,0.28897496064381284,"603031,000702","600605,600561,002576,002760"
2018-06-20,2018-06-19,1,0.08309844150489222,,"002209,603031"
2018-06-26,2018-06-25,7,0.37043831364863644,"600605,002209,002760,603031,600561,002576,600793",000702
2018-07-03,2018-07-02,5,0.10173418995796688,,"002576,600793"
2018-07-09,2018-07-06,4,0.05137234915808422,,002760
2018-07-10,2018-07-09,6,0.11785660597738551,"600099,600793",
2018-07-16,2018-07-13,5,0.06525054140539405,,600793
2018-07-17,2018-07-16,5,0.10949786676273271,002760,002209
2018-07-31,2018-07-30,6,0.059485072291013685,000702,
2018-08-07,2018-08-06,6,0.31382214642401723,"002576,002778,603536","002760,600605,000702"
2018-08-14,2018-08-13,5,0.37690629056024794,"002760,600605,002209","002778,603031,002576,603536"
2018-08-21,2018-08-20,6,0.06007733494784381,002800,
2018-08-23,2018-08-22,4,0.11378625707903589,,"002760,002209"
2018-08-27,2018-08-24,3,0.06921109613376428,,002800
2018-08-28,2018-08-27,5,0.3418828752153898,"002715,002760,603088,002209","600561,600099"
2018-09-04,2018-09-03,6,0.052160106624246576,002890,
2018-09-11,2018-09-10,6,0.12214861084182448,002862,603088
2018-09-18,2018-09-17,6,0.1210400647811189,603991,002209
2018-09-25,2018-09-21,5,0.17500635830778832,603088,"002890,603991"
2018-10-09,2018-10-08,4,0.2903856710546136,"002890,002209","002862,603088,600605"
2018-10-12,2018-10-11,1,0.16173626901262936,,"002760,002890,002209"
2018-10-16,2018-10-15,7,0.40975035001513804,"002760,002890,603088,002209,600137,603269,600099",002715
2018-10-23,2018-10-22,3,0.2030491017699319,,"603088,600137,002209,603269"
2018-10-30,2018-10-29,5,0.23376366851756325,"600137,603286,600319",002890
2018-11-06,2018-11-05,5,0.1090819899377264,002890,600099
2018-11-13,2018-11-12,5,0.3647067457949526,"603088,603090,603991","002760,600137,600319"
2018-11-20,2018-11-19,4,0.06247289549360776,,603991
2018-11-27,2018-11-26,6,0.11497883215601082,"002715,600137",
2018-12-04,2018-12-03,5,0.18001939610350562,002760,"603088,002715"
2018-12-11,2018-12-10,6,0.18366395971431518,"603269,603088",002890
2018-12-18,2018-12-17,6,0.2384597867084026,"002890,600605","002760,603269"
2018-12-19,2018-12-18,5,0.05382080156053261,,600137
2018-12-25,2018-12-24,6,0.17189844156109582,"600137,600099",603090
2019-01-03,2019-01-02,5,0.07387091875030316,,600605
2019-01-08,2019-01-07,5,0.11543291538622603,002760,600099
2019-01-15,2019-01-14,6,0.059810920382436024,600099,
2019-01-22,2019-01-21,6,0.11938636864955826,603269,603088
2019-01-30,2019-01-29,5,0.05827783639714933,,603269
2019-01-31,2019-01-30,3,0.1124242856156617,,"002890,600099"
2019-02-01,2019-01-31,1,0.11336388834122225,,"600137,002760"
2019-02-12,2019-02-11,5,0.24066386407451998,"002890,600137,002760,600099",
2019-02-19,2019-02-18,4,0.18622968283085953,603031,"600137,002760"
2019-02-26,2019-02-25,4,0.12294325231210887,600137,600099
2019-03-12,2019-03-11,4,0.12189758760993483,603269,603286
2019-03-19,2019-03-18,5,0.1845251203493689,"603286,002760",600137
2019-04-01,2019-03-29,0,0.31392186076165146,,"002890,603031,603269,603286,002760"
2019-05-07,2019-05-06,7,0.3538599825800822,"603269,603031,000929,603991,600319,002760,603330",
2019-05-14,2019-05-13,6,0.05279260882412255,,600319
2019-05-21,2019-05-20,6,0.2239827936582779,"603908,600319","002760,603330"
2019-05-28,2019-05-27,6,0.12188052775458857,600561,600319
2019-06-04,2019-06-03,6,0.12509598740219208,600319,603908
2019-06-10,2019-06-06,5,0.05569433994239891,,600561
2019-06-11,2019-06-10,6,0.18053407357120732,"002112,600561",600319
2019-06-18,2019-06-17,6,0.12093563594951584,600319,600561
2019-06-25,2019-06-24,5,0.06218474874123591,,600319
2019-07-09,2019-07-08,6,0.1773158230562639,"600561,603725",603031
2019-07-12,2019-07-11,5,0.06378461983679415,,603725
2019-07-16,2019-07-15,6,0.06000899782841828,603031,
2019-07-23,2019-07-22,5,0.05806751238697443,,603031
2019-08-06,2019-08-05,6,0.0588176756746658,600099,
2019-08-07,2019-08-06,5,0.044058125693848676,,000929
2019-08-13,2019-08-12,6,0.17760919917148651,"000929,603330",600099
2019-08-14,2019-08-13,5,0.06631976320717897,,603330
2019-08-27,2019-08-26,5,0.22477911891625452,"002890,603088","603991,600561"
2019-09-03,2019-09-02,5,0.12095309721854385,603286,603088
2019-09-10,2019-09-09,5,0.12017317686363994,603088,002112
2019-09-24,2019-09-23,6,0.05991128480859138,600561,
2019-10-08,2019-09-30,6,0.24160915507788638,"002112,603991","603088,600561"
2019-10-15,2019-10-14,5,0.060456330957425905,,603991
2019-10-22,2019-10-21,6,0.18166075656325006,"600137,603991",002112
2019-10-29,2019-10-28,5,0.057778648924119,,603991
2019-11-05,2019-11-04,6,0.30259373049376603,"002200,603088,002112","002890,600137"
2019-11-12,2019-11-11,6,0.12344570714834434,600561,002200
2019-12-03,2019-12-02,6,0.12297744948022994,600137,600561
2019-12-10,2019-12-09,5,0.059828720500619006,,600137
2019-12-24,2019-12-23,6,0.18225017803213794,"600561,600137",603088
2019-12-30,2019-12-27,5,0.06773334762047525,,600137
2020-01-14,2020-01-13,6,0.059984284312427805,600099,
2020-01-21,2020-01-20,5,0.06377519833031446,,603286
2020-02-04,2020-02-03,6,0.13128354669206774,"600137,603725",603269
2020-02-11,2020-02-10,5,0.16078478874957516,603269,"600137,603725"
2020-02-18,2020-02-17,4,0.0560724881316323,,600099
2020-03-03,2020-03-02,6,0.12168032108648645,"603725,600099",
2020-03-11,2020-03-10,5,0.06852212981856975,,002112
2020-03-12,2020-03-11,4,0.06307121739996745,,600099
2020-03-17,2020-03-16,7,0.1390054362508683,"002200,600768,000702",
2020-03-24,2020-03-23,7,0.19205482406207242,"600099,600671","002200,600768"
2020-03-31,2020-03-30,6,0.05049251588239941,,000702
2020-04-01,2020-03-31,0,0.3038774530716649,,"000929,600561,603269,603725,600099,600671"
2020-05-12,2020-05-11,5,0.2988376000194619,"002112,600493,600444,603729,002576",
2020-05-19,2020-05-18,5,0.12588513983782165,603917,603729
2020-05-26,2020-05-25,6,0.3057748661287835,"603813,603729,603320","002576,603917"
2020-06-02,2020-06-01,5,0.18520510245597613,002576,"603729,603320"
2020-06-09,2020-06-08,5,0.1196466466881881,603729,002576
2020-06-16,2020-06-15,6,0.058688795564876016,600202,
2020-06-17,2020-06-16,5,0.06205792090643431,,002112
2020-06-23,2020-06-22,5,0.2413085387269726,"002112,002899","603729,600202"
2020-06-30,2020-06-29,6,0.18591804523084424,"600202,002144",002112
2020-07-07,2020-07-06,4,0.12354198689368624,,"002899,002144"
2020-07-21,2020-07-20,5,0.3021594313231053,"600671,002719,002290","603813,600202"
2020-07-23,2020-07-22,4,0.0621420917637573,,600671
2020-07-28,2020-07-27,6,0.35467470741543944,"603813,603729,603356,603320","002719,002290"
2020-08-04,2020-08-03,4,0.4808918221728976,"600671,002719,002290","600444,603813,603729,603356,603320"
2020-08-11,2020-08-10,6,0.3584809159362564,"600444,603729,603813,603908","002719,002290"
2020-08-18,2020-08-17,6,0.11935178808440312,600455,603908
2020-08-25,2020-08-24,5,0.4184084021365255,"002290,002719,600358","600444,603729,603813,600455"
2020-09-01,2020-08-31,7,0.4773628819694883,"600768,603269,600444,600455,603813","600671,002290,600358"
2020-09-08,2020-09-07,6,0.18252481392649914,000702,"002719,603813"
2020-09-15,2020-09-14,6,0.11673284101498786,603286,600493
2020-09-22,2020-09-21,5,0.05721339362753286,,600444
2020-09-25,2020-09-24,2,0.16922620646246964,,"600455,000702,603286"
2020-09-29,2020-09-28,5,0.29327706507313456,"603286,000702,600455,600444",600768
2020-10-13,2020-10-12,5,0.11964736106894448,600768,600444
2020-10-20,2020-10-19,5,0.1203781175492789,600444,600455
2020-10-27,2020-10-26,6,0.05201109176165352,600455,
2020-11-02,2020-10-30,5,0.057438317978974744,,600768
2020-11-03,2020-11-02,6,0.3024190171445595,"600768,600302,600099","603286,600444"
2020-11-10,2020-11-09,5,0.06112026980717594,,600099
2020-11-17,2020-11-16,5,0.12149837044035956,002209,600302
2020-11-24,2020-11-23,5,0.12186368718319102,603729,002209
2020-12-01,2020-11-30,5,0.2364324611127925,"002209,600493","603269,000702"
2020-12-08,2020-12-07,5,0.24229843062152118,"603269,600099","603729,002209"
2020-12-14,2020-12-11,4,0.04794887187171642,,600455
2020-12-15,2020-12-14,6,0.11307087246836638,"600455,002209",
2020-12-17,2020-12-16,5,0.058611654821293185,,603269
2020-12-22,2020-12-21,5,0.23925022321192804,"603269,600137","600493,600099"
2020-12-23,2020-12-22,4,0.054100703524369444,,600455
2020-12-25,2020-12-24,3,0.05774768413555016,,603269
2020-12-29,2020-12-28,4,0.4085432975293114,"600455,603729,603269,603813","600768,002209,600137"
2021-01-05,2021-01-04,5,0.05984809590708453,600768,
2021-01-08,2021-01-07,2,0.1709339084669604,,"603729,603269,603813"
2021-01-11,2021-01-08,1,0.05880716523037347,,600768
2021-01-12,2021-01-11,5,0.34611753509608006,"600768,603729,603269,002209,603813",600455
2021-01-15,2021-01-14,4,0.06400043351954328,,603729
2021-01-19,2021-01-18,5,0.059812273029797455,600455,
2021-01-26,2021-01-25,6,0.17696725474900568,"603729,603286",002209
2021-02-02,2021-02-01,6,0.11850411240888407,002209,603286
2021-02-04,2021-02-03,3,0.16655871413273943,,"600768,603269,603813"
2021-02-08,2021-02-05,2,0.05701611428373182,,002209
2021-02-09,2021-02-08,4,0.3504957780442459,"600768,603269,002209,603813","600455,603729"
2021-02-23,2021-02-22,4,0.12184396675011766,603729,002209
2021-03-02,2021-03-01,5,0.05989685314289457,002209,
2021-03-09,2021-03-08,5,0.12045414546997102,600455,002209
2021-03-16,2021-03-15,6,0.044689939182171644,603286,
2021-03-23,2021-03-22,5,0.04507125740506324,,603286
2021-03-30,2021-03-29,5,0.12109556756695028,603286,600455
2021-04-01,2021-03-31,0,0.3076486214553845,,"600768,603269,603813,603729,603286"
2021-05-11,2021-05-10,5,0.2991251441606481,"603813,603269,603286,600778,603090",
2021-05-18,2021-05-17,5,0.11969115454645568,002209,600778
2021-05-25,2021-05-24,5,0.12237789562883836,600778,002209
2021-06-15,2021-06-11,5,0.12433859226564928,002209,603090
2021-06-22,2021-06-21,6,0.18129863869362364,"600689,600493",002209
2021-06-29,2021-06-28,5,0.0601425915525975,,603286
2021-07-02,2021-07-01,4,0.0626776462582566,,600778
2021-07-06,2021-07-05,6,0.10834497594478566,"603286,002209",
2021-07-13,2021-07-12,5,0.05501245845005819,,002209
2021-07-20,2021-07-19,5,0.1137079552044934,002209,603286
2021-07-27,2021-07-26,5,0.11147726186910321,600778,600689
2021-07-29,2021-07-28,3,0.11545099933342326,,"600493,002209"
2021-08-03,2021-08-02,5,0.2373050175169573,"600493,600689,002209",600778
2021-08-10,2021-08-09,5,0.24661416939198705,"600778,603709","600689,002209"
2021-08-17,2021-08-16,5,0.12101365637499095,600455,603709
2021-08-31,2021-08-30,5,0.12040630685715158,603709,600778
2021-09-07,2021-09-06,5,0.12135817579948432,603029,600493
2021-09-14,2021-09-13,5,0.12755127073516603,002209,603269
2021-09-28,2021-09-27,4,0.16953566199024375,603269,"603029,002209"
2021-10-12,2021-10-11,6,0.22652159089741436,"603029,002209,002830",603269
2021-10-19,2021-10-18,5,0.05480002608086265,,002830
2021-10-21,2021-10-20,4,0.05298278662412405,,002209
2021-10-25,2021-10-22,3,0.05349245122042669,,603029
2021-10-26,2021-10-25,6,0.17018513618996886,"603029,002209,002830",
2021-10-28,2021-10-27,5,0.05927832263665625,,603709
2021-11-02,2021-11-01,6,0.16766353462155986,"002633,603709",002209
2021-11-09,2021-11-08,5,0.068135429122143,,600455
2021-11-30,2021-11-29,5,0.1171428477526863,600778,002830
2021-12-07,2021-12-06,5,0.12166940582081223,002830,600778
2021-12-14,2021-12-13,6,0.1815309883463832,"600778,600561",002830
2021-12-21,2021-12-20,5,0.19128106945026727,600455,"603813,600561"
2021-12-27,2021-12-24,4,0.06548867536176654,,600778
2021-12-28,2021-12-27,6,0.11988954160810619,"600689,002830",
2022-01-04,2021-12-31,5,0.18252249616015948,600778,"600455,600689"
2022-01-18,2022-01-17,5,0.12044716190366275,603813,002830
2022-01-25,2022-01-24,6,0.05962231002681715,600137,
2022-01-26,2022-01-25,5,0.05965769658916136,,603813
2022-01-27,2022-01-26,4,0.0607909663533018,,002633
2022-01-28,2022-01-27,2,0.11627268249579815,,"600778,600137"
2022-02-07,2022-01-28,1,0.05721261813304323,,603029
2022-02-08,2022-02-07,6,0.2977032930254545,"603813,002633,600455,600778,603029",
2022-02-15,2022-02-14,5,0.18787307565972888,600137,"603029,600778"
2022-02-22,2022-02-21,5,0.1216228116713354,600778,600455
2022-03-08,2022-03-07,6,0.05721999045997042,600455,
2022-03-15,2022-03-14,6,0.12397808070510304,002883,600778
2022-03-22,2022-03-21,5,0.06353579438796099,,002633
2022-03-24,2022-03-23,4,0.052852873155353634,,600455
2022-03-28,2022-03-25,3,0.061989970327994005,,600137
2022-03-29,2022-03-28,5,0.2430420751782548,"600455,002633,002862",603813
2022-04-01,2022-03-31,0,0.2864513423677281,,"603709,002883,600455,002633,002862"
2022-05-10,2022-05-09,5,0.2917912373163176,"603709,603286,002209,600520,603269",
2022-05-31,2022-05-30,5,0.1238856248680762,002890,002209
2022-06-07,2022-06-06,5,0.2473582794457323,"603729,603813","603286,002890"
2022-06-14,2022-06-13,5,0.12247537507841089,002856,603269
2022-06-20,2022-06-17,4,0.056553033629728654,,603729
2022-06-21,2022-06-20,5,0.18135084435413018,"603729,603269",002856
2022-06-23,2022-06-22,4,0.056600612707739285,,603813
2022-06-28,2022-06-27,5,0.1818883267139178,"603813,002856",600520
2022-07-05,2022-07-04,5,0.24236060752149574,"002719,002209","603813,002856"
2022-07-07,2022-07-06,4,0.05537224391018886,,002719
2022-07-12,2022-07-11,6,0.10485879841613638,"002719,603813",
2022-07-18,2022-07-15,5,0.0498237949932776,,002719
2022-07-19,2022-07-18,5,0.12532975966063625,002719,002209
2022-08-09,2022-08-08,5,0.11441499052347773,600455,603813
2022-08-16,2022-08-15,5,0.1377236507387319,603813,002719
2022-08-23,2022-08-22,5,0.12035238795676867,002719,603269
2022-08-29,2022-08-26,4,0.057733135296279554,,603813
2022-08-30,2022-08-29,6,0.23828821539953954,"600137,603813,002862",603729
2022-09-01,2022-08-31,5,0.06638130090204089,,002862
2022-09-06,2022-09-05,6,0.175690199660675,"600768,603269",002719
2022-09-13,2022-09-09,5,0.17846881619493332,002862,"603813,603269"
2022-09-19,2022-09-16,4,0.05701241258816492,,600768
2022-09-20,2022-09-19,6,0.17920764921371576,"600768,603269,603813",600455
2022-09-27,2022-09-26,6,0.3212449640734461,"600455,603029,603499","600137,603813,002862"
2022-10-11,2022-10-10,6,0.20276656083946856,"002856,600137","600768,603499"
2022-10-14,2022-10-13,5,0.05666831382829784,,603029
2022-10-18,2022-10-17,5,0.11911669416731288,600768,600137
2022-10-25,2022-10-24,6,0.16103474656466343,"600137,603029",603269
2022-11-01,2022-10-31,7,0.2866118731913361,"603269,000691,603725","603709,002856"
2022-11-07,2022-11-04,6,0.09045808044254325,,603029
2022-11-08,2022-11-07,5,0.17556782203538046,600493,"603269,603725"
2022-11-15,2022-11-14,5,0.12030567658476744,603269,600493
2022-11-22,2022-11-21,5,0.12175614038739033,603580,603269
2022-11-29,2022-11-28,7,0.12017866601718817,"603269,600539",
2022-12-06,2022-12-05,5,0.13815035933278333,,"603580,600539"
2022-12-13,2022-12-12,6,0.06036750684050146,603316,
2022-12-20,2022-12-19,6,0.23552623925068028,"603725,002899","600137,603316"
2022-12-27,2022-12-26,6,0.23632024731384438,"600137,600539","000691,002899"
2022-12-30,2022-12-29,5,0.055380500500732247,,603269
2023-01-03,2022-12-30,5,0.12126965348486937,603269,600539
2023-01-17,2023-01-16,5,0.24426848758215533,"600539,002899","603725,603269"
2023-02-01,2023-01-31,4,0.05555299551464027,,600768
2023-02-07,2023-02-06,5,0.1857470696749189,"600768,603725",002899
2023-02-28,2023-02-27,6,0.05769210226157842,000691,
2023-03-07,2023-03-06,5,0.06316616152256639,,600539
2023-03-14,2023-03-13,6,0.05994383114128366,600539,
2023-03-15,2023-03-14,4,0.11480841853091729,,"600768,603725"
2023-03-21,2023-03-20,6,0.11988668620361367,"600768,603725",
2023-03-28,2023-03-27,5,0.06210240611509077,,600539
2023-03-31,2023-03-30,4,0.05433074357302709,,000691
2023-04-03,2023-03-31,0,0.23208954892281178,,"600455,600137,600768,603725"
2023-05-09,2023-05-08,5,0.2985497879909604,"603709,000691,603286,603725,001211",
2023-05-30,2023-05-29,6,0.048957075882941146,002295,
2023-06-06,2023-06-05,5,0.048755974937769925,,002295
2023-06-13,2023-06-12,5,0.12819050148766642,603139,603286
2023-06-27,2023-06-26,5,0.11579342544614164,002247,603139
2023-07-04,2023-07-03,5,0.3651499821221269,"603139,603286,002295","000691,603725,002247"
2023-07-11,2023-07-10,5,0.11964978142609174,000691,002295
2023-07-18,2023-07-17,6,0.05125987472503213,002295,
2023-07-24,2023-07-21,5,0.05372772353896001,,603286
2023-07-25,2023-07-24,6,0.05215449081448254,603286,
2023-08-01,2023-07-31,5,0.17328398092364242,603729,"603139,002295"
2023-08-08,2023-08-07,6,0.056349674156627,603139,
2023-08-14,2023-08-11,5,0.05617643125222174,,603729
2023-08-15,2023-08-14,6,0.1827891593504546,"603729,002295",000691
2023-08-22,2023-08-21,6,0.11835254250050707,600455,002295
2023-08-24,2023-08-23,5,0.05844540848477452,,603139
2023-08-29,2023-08-28,5,0.22242279078433863,"600768,603139","603286,001211"
2023-09-05,2023-09-04,6,0.17951630880312522,"002856,603286",603139
2023-09-12,2023-09-11,5,0.06289755348542538,,603286
2023-09-19,2023-09-18,5,0.12818927317970819,603286,603709
2023-09-26,2023-09-25,6,0.17639721412287995,"603709,600493",603286
2023-10-19,2023-10-18,5,0.05802267914431513,,002856
2023-10-24,2023-10-23,5,0.17308020888636408,"002856,600137","600455,600493"
2023-10-25,2023-10-24,4,0.03408253034212189,,600137
2023-10-31,2023-10-30,5,0.05955900258417215,600455,
2023-11-07,2023-11-06,6,0.15125902909201983,"600493,600137",002856
2023-11-14,2023-11-13,5,0.19610974461861946,603272,"603729,600137"
2023-11-22,2023-11-21,4,0.07078974738605648,,600455
2023-11-28,2023-11-27,6,0.11708079359848068,"600455,603729",
2023-12-05,2023-12-04,5,0.18266337000594166,603580,"600493,603729"
2023-12-06,2023-12-05,4,0.05992472309916537,,603272
2023-12-12,2023-12-11,6,0.239976946847167,"603272,600137,000929",603580
2024-01-02,2023-12-29,5,0.059583874028311036,,000929
2024-01-08,2024-01-05,4,0.06413527394094798,,603709
2024-01-09,2024-01-08,6,0.11989715107196257,"000929,603709",
2024-01-19,2024-01-18,5,0.056565362105583675,,600137
2024-01-23,2024-01-22,3,0.29478973851957896,"600137,603139","600455,603272,000929,603709"
2024-01-30,2024-01-29,6,0.17916350562588204,"600455,603709,603272",
2024-02-01,2024-01-31,0,0.29184059798544426,,"600768,600137,603139,600455,603709,603272"
2024-02-06,2024-02-05,7,0.3124112563330816,"600768,600455,603709,600137,603272,000929,603139",
2024-02-08,2024-02-07,1,0.2648459294228128,,"600768,600455,603709,600137,603272,603139"
2024-02-20,2024-02-19,5,0.3493074933786143,"600768,600455,603272,603139,603580",000929
2024-02-27,2024-02-26,4,0.314724257841488,"603709,600137","603272,603139,603580"
2024-02-29,2024-02-28,2,0.11276537310964937,,"603709,600137"
2024-03-05,2024-03-04,5,0.17796642618609992,"603709,603580,603272",
2024-03-12,2024-03-11,6,0.060141583907398294,600137,
2024-03-22,2024-03-21,5,0.1482414670269186,,603580
2024-03-26,2024-03-25,6,0.17390096656781984,"000929,002188",603709
2024-04-01,2024-03-29,0,0.32261851057859486,,"600768,600455,603272,600137,000929,002188"
2024-05-07,2024-05-06,4,0.24428760015322595,"002856,001211,603709,600778",
2024-05-14,2024-05-13,5,0.05980879379506612,002072,
2024-05-21,2024-05-20,5,0.12144328800121011,603716,600778
2024-05-28,2024-05-27,6,0.1715989325393617,"600493,600778",603716
2024-06-04,2024-06-03,4,0.22244132930434582,603716,"001211,600778,600493"
2024-06-05,2024-06-04,2,0.12230713767155495,,"603709,002072"
2024-06-07,2024-06-06,1,0.05213351871969192,,603716
2024-06-11,2024-06-07,6,0.277641738755795,"001211,603709,600778,603716,600448",
2024-06-18,2024-06-17,6,0.37673253192459066,"002072,600493,002494","002856,603709,600448"
2024-06-25,2024-06-24,6,0.06893135742327004,603709,603716
2024-06-26,2024-06-25,5,0.05782013834793563,,002072
2024-07-02,2024-07-01,6,0.2536421203701403,"603880,002072,603716","600778,603709"
2024-07-09,2024-07-08,6,0.11778836178937213,002856,600493
2024-07-10,2024-07-09,4,0.10927678983340762,,"603880,002856"
2024-07-11,2024-07-10,2,0.11708243483926645,,"002494,603716"
2024-07-16,2024-07-15,6,0.236011561657604,"603880,002856,603716,600778",
2024-07-23,2024-07-22,6,0.12124873633735388,603709,600778
2024-07-25,2024-07-24,5,0.05157749290407423,,001211
2024-07-30,2024-07-29,6,0.0601677663442004,001211,
2024-08-06,2024-08-05,6,0.12541809453655617,600493,603716
2024-08-13,2024-08-12,6,0.14164211259141296,002494,002072
2024-08-20,2024-08-19,6,0.12040716034795555,600455,002494
2024-08-27,2024-08-26,6,0.1185707406633215,002494,600493
2024-09-03,2024-09-02,5,0.1716136042770635,002193,"002856,002494"
2024-09-10,2024-09-09,6,0.059313820841514965,002494,
2024-09-18,2024-09-13,5,0.0513874180354394,,603709
2024-09-24,2024-09-23,5,0.12104942266571896,603709,002494
2024-10-08,2024-09-30,0,0.3336281321749176,,"603880,001211,600455,002193,603709"
2024-10-15,2024-10-14,5,0.29893007856503145,"002193,001211,603880,600455,603709",
2024-10-16,2024-10-15,4,0.06449338104796863,,002193
2024-10-22,2024-10-21,5,0.1832181656626655,"002633,002193",600455
2024-10-28,2024-10-25,4,0.06710416546777695,,001211
2024-10-29,2024-10-28,5,0.060101990926470804,600493,
2024-11-05,2024-11-04,5,0.37401783459981186,"001211,002188,600137","603880,002633,600493"
2024-11-12,2024-11-11,4,0.18314613657885398,600455,"002188,600137"
2024-11-19,2024-11-18,5,0.17318179258536878,"002188,600137",600455
2024-11-26,2024-11-25,6,0.050256569987905474,600455,
2024-12-05,2024-12-04,5,0.07859507168258735,,002193
2024-12-17,2024-12-16,5,0.23941698605352923,"001336,600493","600137,002188"
2024-12-18,2024-12-17,4,0.05826208768052788,,001336
2024-12-19,2024-12-18,3,0.057221779916190325,,600493
2024-12-24,2024-12-23,7,0.32250265901554065,"600137,600493,001336,603022,603729",001211
2024-12-25,2024-12-24,6,0.044092214620700544,,600455
2024-12-26,2024-12-25,5,0.04747585554829016,,603729
2024-12-31,2024-12-30,6,0.281341601641599,"600455,603729,001211","001336,603022"
2025-01-06,2025-01-03,2,0.21431826379360544,,"600137,600493,600455,603729"
2025-01-07,2025-01-06,7,0.3556498480164466,"600455,603729,002188,600137,600493,002789",001211
2025-01-14,2025-01-13,6,0.04987490741987108,,600137
2025-01-21,2025-01-20,5,0.05245338171527996,,002188
2025-01-27,2025-01-24,4,0.05796471837388544,,603729
2025-02-11,2025-02-10,5,0.05997166414470846,600137,
2025-03-04,2025-03-03,6,0.1823324406824933,"603729,002652",600137
2025-03-11,2025-03-10,5,0.06169232863193576,,603729
2025-03-18,2025-03-17,5,0.12141602059027838,600137,002652
2025-03-19,2025-03-18,4,0.04567043081687455,,002789
2025-03-25,2025-03-24,5,0.17542004025463126,"002652,603729",600137
2025-03-26,2025-03-25,4,0.06735085433485566,,603709
2025-04-01,2025-03-31,0,0.21347641603347361,,"600455,600493,002652,603729"
2025-05-06,2025-04-30,5,0.30554956197442545,"600768,002719,603709,600493,001211",
2025-05-13,2025-05-12,5,0.11954048114249084,603616,001211
2025-05-16,2025-05-15,4,0.06628796848248147,,600493
2025-05-20,2025-05-19,5,0.060344846641167474,600493,
2025-05-27,2025-05-26,6,0.04210871485943022,001211,
2025-06-10,2025-06-09,5,0.06342013499155331,,603616
2025-06-17,2025-06-16,6,0.06030133290346627,603616,
2025-07-01,2025-06-30,5,0.06413572402893677,,603616
2025-08-19,2025-08-18,5,0.12818140378011866,600455,603709
2025-09-02,2025-09-01,5,0.10491468507595506,001336,001211
2025-09-04,2025-09-03,4,0.05716896282852104,,600455
2025-09-09,2025-09-08,5,0.1831504403346282,"600455,002188",001336
2025-09-16,2025-09-15,5,0.12287488960229719,001336,002188
2025-09-23,2025-09-22,6,0.16545875011657585,"001211,600137",001336
2025-09-26,2025-09-25,5,0.058987811405286625,,001211
2025-09-30,2025-09-29,6,0.05558776081838646,002188,
2025-10-14,2025-10-13,5,0.05622239057555036,,002188
2025-10-21,2025-10-20,6,0.053111298337440965,001336,
2025-10-28,2025-10-27,5,0.17525345310738263,001211,"002719,001336"
2025-11-11,2025-11-10,5,0.1279961635852178,001336,600493
2025-11-24,2025-11-21,4,0.05704898123834372,,001336
2025-11-25,2025-11-24,6,0.11997125564224716,"001336,600493",
2025-12-02,2025-12-01,5,0.06145561298857021,,001336
2025-12-04,2025-12-03,4,0.06696169008545663,,001211
2025-12-09,2025-12-08,5,0.18660036673107114,"001336,603272",600493
2025-12-12,2025-12-11,4,0.058632302732105804,,001336
2025-12-15,2025-12-12,3,0.05224327727480012,,600455
2025-12-16,2025-12-15,6,0.2958360868272193,"600455,001211,002188,002316",603272
2025-12-18,2025-12-17,5,0.06308133267617834,,002188
2025-12-19,2025-12-18,4,0.05077138995240739,,600137
2025-12-23,2025-12-22,5,0.06054505990870963,600137,
2026-01-06,2026-01-05,5,0.120985022769595,600149,001211
2026-01-13,2026-01-12,5,0.25796760056809703,"001211,600493","002316,600768"
2026-02-03,2026-02-02,6,0.04816579475591442,002316,
2026-02-10,2026-02-09,5,0.17279577175367353,600697,"600149,002316"
2026-02-24,2026-02-13,6,0.17577784179996445,"002316,001336",600493
2026-03-03,2026-03-02,5,0.17462115199680656,600493,"002316,001336"
2026-03-04,2026-03-03,4,0.05643007922880529,,600697
2026-03-10,2026-03-09,6,0.11015395761556947,"600697,600778",
2026-03-17,2026-03-16,5,0.06397175662224648,,600137
2026-03-23,2026-03-20,2,0.15992561702029948,,"600493,600697,600778"
2026-03-24,2026-03-23,5,0.2559732651669823,"600697,002316,600778,600137",001211
2026-03-25,2026-03-24,4,0.05116320117881965,,600137
2026-03-31,2026-03-30,5,0.173925995133206,"600493,001211",002316
2026-04-01,2026-03-31,0,0.2761593048886247,,"600455,600697,600778,600493,001211"
2026-05-12,2026-05-11,5,0.30067744902434596,"600697,600778,605567,603908,603214",
2026-05-19,2026-05-18,6,0.052535326287584026,002188,
2026-05-22,2026-05-21,3,0.1746402067846785,,"600697,605567,603908"
2026-05-26,2026-05-25,6,0.29802672323798063,"600697,605567,603908,002820",603214
2026-05-27,2026-05-26,4,0.11031463293807302,,"600778,002188"
2026-06-01,2026-05-29,3,0.05650413529085394,,603908
2026-06-02,2026-06-01,6,0.2890427472484357,"600778,603908,002188,603022",002820
2026-06-03,2026-06-02,5,0.05875304649445974,,605567
2026-06-05,2026-06-04,0,0.2811460303933278,,"600697,600778,603908,002188,603022"
2026-06-09,2026-06-08,6,0.3508265580307843,"600697,600778,605567,603908,002188,002820",
2026-06-16,2026-06-15,5,0.05788810412344424,,002820
2026-06-22,2026-06-18,3,0.1126322082398564,,"600697,002188"
2026-06-23,2026-06-22,5,0.11980379802537021,"600697,002188",
2026-06-25,2026-06-24,3,0.1113763418130735,,"600778,603908"
2026-06-26,2026-06-25,2,0.05744985488741035,,605567
2026-06-29,2026-06-26,1,0.056928997789669235,,002188
2026-06-30,2026-06-29,6,0.29033725511378183,"600778,002188,603908,603022,605567",
2026-07-07,2026-07-06,5,0.058728699001053104,,605567
2026-07-14,2026-07-13,6,0.05997131828604004,605567,
2026-07-21,2026-07-20,6,0.05806458129524517,603709,002188
2026-07-22,2026-07-21,3,0.1713709981803827,,"600697,603908,603022"
2026-07-28,2026-07-27,6,0.23601485653668164,"002188,600697,603022,603908",603709
2026-08-04,2026-08-03,5,0.06107988498503075,,605567
2026-08-11,2026-08-10,4,0.06261836238126137,,002188
2026-08-18,2026-08-14,5,0.0626468112705169,002188,
2026-08-24,2026-08-22,0,0.3050985830836568,,"600778,600697,603022,603908,002188"
2026-08-25,2026-08-24,6,0.34208947869093,"002731,000677,600455,002211,002198,600778",
