,nav,bench
2021-01-04,1.0,1.0
2021-01-05,0.9947099563598427,0.9995235888210181
2021-01-06,0.9766611926874332,0.9897321549423409
2021-01-07,0.9481879939931972,0.9694829744082276
2021-01-08,0.9467103847971277,0.9682477261468173
2021-01-11,0.9468496896191122,0.947232342124574
2021-01-12,0.9538557020614575,0.955832344964729
2021-01-13,0.9373547586491976,0.9442444523775635
2021-01-14,0.9506948835743355,0.9455811596639406
2021-01-15,0.964595871902469,0.9552441776256758
2021-01-18,0.9719025463733639,0.9683829071121919
2021-01-19,0.9789028935781088,0.9710277215271875
2021-01-20,0.9782705809170276,0.9737955691427069
2021-01-21,0.9792070199289673,0.9806384336205972
2021-01-22,0.9726901794558404,0.9712786037918651
2021-01-25,0.9570373832200354,0.9591325059835764
2021-01-26,0.9570590697582381,0.9517424303766813
2021-01-27,0.9624946442768616,0.9540135274165489
2021-01-28,0.9676332774075612,0.9422295542739998
2021-01-29,0.9523910806991377,0.9291311214346575
2021-02-01,0.9503074105761322,0.932396466207635
2021-02-02,0.9428211151092718,0.9359309066579067
2021-02-03,0.9244106141366181,0.924655103045088
2021-02-04,0.91761338369548,0.9091865230372669
2021-02-05,0.9137821664269894,0.9004509506465997
2021-02-08,0.9093902032583073,0.9037236312467289
2021-02-09,0.9134120089961166,0.9189389586201898
2021-02-10,0.9135112051716164,0.9252280395470868
2021-02-18,0.9347700033184908,0.9486121070965651
2021-02-19,0.9582499150070304,0.973490595600543
2021-02-22,0.9747086745632526,0.9827405347757552
2021-02-23,0.9631319349364514,0.9779386959357961
2021-02-24,0.9638737631633191,0.9750983222908689
2021-02-25,0.9576065480029631,0.9714728704725889
2021-02-26,0.9633597163913684,0.9659763813443297
2021-03-01,0.9733057003596615,0.985497276507236
2021-03-02,0.9680718268595699,0.9802033224851219
2021-03-03,0.9741000634735801,0.9942133264972355
2021-03-04,0.9737695238277603,0.9869417255132629
2021-03-05,0.9822353893726001,0.9925360744731228
2021-03-08,0.9829568660566732,0.981950311710039
2021-03-09,0.9699565575638562,0.9603714467060013
2021-03-10,0.9546413216872205,0.9513557232688069
2021-03-11,0.9701651558350379,0.9697466949932008
2021-03-12,0.9684992168775386,0.9735587208312511
2021-03-15,0.9689570963108199,0.9734027457728874
2021-03-16,0.9870833445337477,0.9848071518266469
2021-03-17,0.9933727659133196,0.9886743899447216
2021-03-18,0.9939025849593179,0.9911629708514109
2021-03-19,0.99684842427097,0.9881887025585275
2021-03-22,0.99900505343987,1.004459567338702
2021-03-23,0.9899007426262793,0.9938577840320728
2021-03-24,0.9885255366895265,0.9863976634930605
2021-03-25,0.9918301530802346,0.9833165795093526
2021-03-26,0.9949675415440375,0.9957202397826227
2021-03-29,0.996145334473955,0.9988741493183751
2021-03-30,0.9864235753546291,0.9934360643304398
2021-03-31,0.988711391598407,0.9966748340099845
2021-04-01,0.990529368837083,1.0004295761454167
2021-04-02,0.990529368837083,1.0027228546524085
2021-04-06,0.990529368837083,1.0118601079975464
2021-04-07,0.990529368837083,1.0197235637977973
2021-04-08,0.990529368837083,1.0136102114491747
2021-04-09,0.990529368837083,1.0148863481340864
2021-04-12,0.990529368837083,1.0052623162077998
2021-04-13,0.990529368837083,0.9963546674506348
2021-04-14,0.990529368837083,1.0075418354705339
2021-04-15,0.990529368837083,1.0050262864039032
2021-04-16,0.990529368837083,1.0197327756128103
2021-04-19,0.990529368837083,1.0304703353346252
2021-04-20,0.990529368837083,1.0273609462093338
2021-04-21,0.990529368837083,1.024783967990251
2021-04-22,0.990529368837083,1.0278310319257438
2021-04-23,0.990529368837083,1.019181552220848
2021-04-26,0.990529368837083,1.0141931014218155
2021-04-27,0.990529368837083,1.0081081309566402
2021-04-28,0.990529368837083,1.0113081096671213
2021-04-29,0.990529368837083,1.0099889224042757
2021-04-30,0.990529368837083,1.0030912018561147
2021-05-06,0.990529368837083,1.0089643844083906
2021-05-07,0.990529368837083,1.0075436085314022
2021-05-10,0.990529368837083,1.0134894964417025
2021-05-11,1.001686168963245,1.0172647152512835
2021-05-12,1.0051275126962835,1.0274320959820809
2021-05-13,1.0058858979305092,1.0220023537043748
2021-05-14,1.0154496685721612,1.0334028643523583
2021-05-17,1.0018460627356651,1.0240788792440345
2021-05-18,1.0041924266825104,1.0297909467004047
2021-05-19,1.002859877826264,1.0282330235626715
2021-05-20,1.005947754470812,1.0231396184708685
2021-05-21,1.0105682285746598,1.0258793184712558
2021-05-24,1.0126106680230413,1.0313617909269768
2021-05-25,1.011340505222521,1.0394151365572484
2021-05-26,1.0162560836999097,1.0459237548941804
2021-05-27,1.0181823352201702,1.052800015900432
2021-05-28,1.0161508540892823,1.0504920670888316
2021-05-31,1.0188398951457807,1.0595473318812731
2021-06-01,1.0235406153245756,1.0672621360610992
2021-06-02,1.0284209671153117,1.0615686191214593
2021-06-03,1.031539439635452,1.0634049019473595
2021-06-04,1.023291039879483,1.062498681902467
2021-06-07,1.0266216080082056,1.0696174421795936
2021-06-08,1.0371193038254882,1.0691006046417602
2021-06-09,1.0444407925766077,1.0723189274038123
2021-06-10,1.0444566470522487,1.0739650723279923
2021-06-11,1.0424483882715498,1.067782590944605
2021-06-15,1.0384448029914115,1.0551858671515217
2021-06-16,1.0327987278041089,1.0439608762178088
2021-06-17,1.0321555770091773,1.0491432063686008
2021-06-18,1.0351898074369612,1.0564397657034368
2021-06-21,1.0412774067710395,1.0654081478732738
2021-06-22,1.0449365405037925,1.0727210311965132
2021-06-23,1.0434544986739105,1.076575824114423
2021-06-24,1.04473024570978,1.0727138093838973
2021-06-25,1.044332393010353,1.0777040238152467
2021-06-28,1.0437851456105085,1.0801345050030933
2021-06-29,1.0354519737977916,1.0717654306041977
2021-06-30,1.0374189901451667,1.0756871715350025
2021-07-01,1.0477616733302433,1.063597607524447
2021-07-02,1.0453798482910075,1.0576919025773084
2021-07-05,1.053346783622805,1.0685785746182699
2021-07-06,1.058036502733458,1.0709994040026902
2021-07-07,1.0578830750733113,1.0772821551972542
2021-07-08,1.050948040884906,1.0705506729548784
2021-07-09,1.0548436484343504,1.0793961323920513
2021-07-12,1.0584286959298201,1.0898563306071014
2021-07-13,1.0642908181076243,1.097127427336501
2021-07-14,1.0622210277262345,1.0904333668045123
2021-07-15,1.0476851116910544,1.08650338850451
2021-07-16,1.0457623932751454,1.0871225497907
2021-07-19,1.0396230805211595,1.0842961890579144
2021-07-20,1.0386572416363224,1.0865133364358186
2021-07-21,1.0450565545554615,1.0959392349199006
2021-07-22,1.0446641936908847,1.09980899412935
2021-07-23,1.0335811075309906,1.0898499526659784
2021-07-26,1.0241401807348818,1.0730538638339904
2021-07-27,1.0161133726943263,1.051839690354243
2021-07-28,0.997421133828465,1.0285640541945464
2021-07-29,1.0025138161713527,1.04806467704369
2021-07-30,1.0048851918501498,1.0541202654702166
2021-08-02,1.0109262965842472,1.0728164147769037
2021-08-03,1.0185644768365705,1.0707293235403768
2021-08-04,1.0264262523388819,1.0796979661818051
2021-08-05,1.0291388831767883,1.073407212920088
2021-08-06,1.0271143020927043,1.0757682685433905
2021-08-09,1.0365168794607234,1.0895321129250621
2021-08-10,1.043572183781069,1.0997635327164357
2021-08-11,1.051628927377643,1.1062592804119713
2021-08-12,1.0499504987058035,1.1093504323389767
2021-08-13,1.0495676547208261,1.111677623479451
2021-08-16,1.0464907411417512,1.1139814451882384
2021-08-17,1.0347042110410691,1.090450784339432
2021-08-18,1.0443355571530017,1.1007976979546208
2021-08-19,1.0435223106149036,1.0976406748430358
2021-08-20,1.040888975313351,1.0929248237568099
2021-08-23,1.052826936035442,1.1147795583830429
2021-08-24,1.0623223762187806,1.1224208753236053
2021-08-25,1.070430603451119,1.1331019747708382
2021-08-26,1.0722459516673593,1.1302934278113776
2021-08-27,1.066613230159375,1.1315092778551235
2021-08-30,1.0716147829940683,1.1332514263019464
2021-08-31,1.0782713569469742,1.1366865213315729
2021-09-01,1.077764214917018,1.1348841678699157
2021-09-02,1.0845035710261561,1.148640837439268
2021-09-03,1.0836130245041227,1.1501788198399245
2021-09-06,1.0891314192617536,1.1608349330079184
2021-09-07,1.0973116759125283,1.1765351863834952
2021-09-08,1.1082482796294228,1.1886733367131397
2021-09-09,1.1052021811481874,1.1941441724546005
2021-09-10,1.0978389038348442,1.1872921577473896
2021-09-13,1.1020561657482943,1.196605752899025
2021-09-14,1.0939512842604153,1.180450407721152
2021-09-15,1.1012815306216657,1.1895222798753484
2021-09-16,1.1025441904832347,1.1742384544364817
2021-09-17,1.0901281513052574,1.1700800516123135
2021-09-22,1.0854336531748436,1.1776050366305373
2021-09-23,1.095978726875894,1.1859706107989658
2021-09-24,1.0761146202459075,1.1648464937548801
2021-09-27,1.0555086504055553,1.1324134671912816
2021-09-28,1.0552639662295509,1.1377661579427225
2021-09-29,1.0479148299172107,1.1065637301170197
2021-09-30,1.0575613558137624,1.127869000660055
2021-10-08,1.082830915121336,1.1452971035166706
2021-10-11,1.0787677316836066,1.144290494898243
2021-10-12,1.0685316924470774,1.1273372935525712
2021-10-13,1.072453435988526,1.1274946153176337
2021-10-14,1.0694483321140849,1.1333375080998245
2021-10-15,1.0562546568035254,1.1245348172714051
2021-10-18,1.0606552449405269,1.1339547596650734
2021-10-19,1.0575158553939146,1.1397319090980143
2021-10-20,1.0480650207652484,1.1370170701414846
2021-10-21,1.0416645861439244,1.1331392090964774
2021-10-22,1.0359035908055427,1.122167137805695
2021-10-25,1.0330299165804826,1.1284053125830031
2021-10-26,1.0239317752971044,1.123517575988482
2021-10-27,1.005277339240015,1.1064941979387382
2021-10-28,0.9988230378522029,1.0882212031268101
2021-10-29,1.015861355816115,1.1033417118632778
2021-11-01,1.0362931208264758,1.1144932627234694
2021-11-02,1.0249194689882797,1.0988077425187242
2021-11-03,1.0400769839581145,1.105214996055239
2021-11-04,1.0416634388796209,1.1193686916295116
2021-11-05,1.0379204660213868,1.111207606353441
2021-11-08,1.0457695604118733,1.1177813119307662
2021-11-09,1.0498598638372196,1.1282238197045018
2021-11-10,1.0533520595424488,1.1329445453876004
2021-11-11,1.0620272311651664,1.1430965087036618
2021-11-12,1.0658756050020401,1.1507842610347983
2021-11-15,1.0749964061031452,1.158291148352799
2021-11-16,1.0741340154909156,1.1516934708944908
2021-11-17,1.0850989339309682,1.1658635250382008
2021-11-18,1.0749097546523811,1.1601973376197006
2021-11-19,1.083778410894716,1.1727588479434847
2021-11-22,1.079408952787208,1.180254782744374
2021-11-23,1.081358060317763,1.1840355365725437
2021-11-24,1.0850107108861502,1.1872091602539614
2021-11-25,1.0888586958417352,1.187303992760576
2021-11-26,1.084337026131394,1.1846442512889113
2021-11-29,1.0727797163620554,1.1820834742955046
2021-11-30,1.087870818139238,1.1920610987270361
2021-12-01,1.0974566219588768,1.2052264709581173
2021-12-02,1.0913843256494513,1.1969667031717726
2021-12-03,1.0954319994682007,1.203929228446586
2021-12-06,1.0791934637181224,1.1925864085060973
2021-12-07,1.0754892341599296,1.1882312897364535
2021-12-08,1.0809317230929791,1.2007791114724475
2021-12-09,1.0874109197585355,1.2071551288409537
2021-12-10,1.1016596333992095,1.2115834798923757
2021-12-13,1.1161362368303056,1.2159948984413222
2021-12-14,1.1208623791873094,1.2193982906914158
2021-12-15,1.1250742564518341,1.2228681801222185
2021-12-16,1.1473281640515358,1.2337427482467322
2021-12-17,1.159951411340538,1.2283533989404218
2021-12-20,1.1572145853798403,1.219884412623442
2021-12-21,1.1747369529414735,1.2406772391460055
2021-12-22,1.168107100144172,1.244640058813143
2021-12-23,1.1548334003483964,1.240407729366535
2021-12-24,1.1588024752402042,1.2231600282546515
2021-12-27,1.15883533138254,1.2290068368440625
2021-12-28,1.180978215040383,1.2333643027845356
2021-12-29,1.189352766266979,1.2321227684898155
2021-12-30,1.1915883042393116,1.2422574497418364
2021-12-31,1.191398251577137,1.250478600835439
2022-01-04,1.2148149145074951,1.2664853467905677
2022-01-05,1.2049070027568491,1.2513454169452636
2022-01-06,1.2178576242919064,1.2626895672764447
2022-01-07,1.1995292751557567,1.2464101987067728
2022-01-10,1.2064784785996114,1.2555000886285863
2022-01-11,1.2138383373467316,1.2518702427737358
2022-01-12,1.2416980297151148,1.2669129291328678
2022-01-13,1.2460870471180796,1.256974556645404
2022-01-14,1.2199103266882634,1.2462097873039097
2022-01-17,1.2269001978210885,1.2597141942649035
2022-01-18,1.1965308187612045,1.2471867793577727
2022-01-19,1.2127046557306855,1.248077177937624
2022-01-20,1.1833243095625476,1.2228725805189684
2022-01-21,1.1942613633339119,1.2116601328188337
2022-01-24,1.1815876403053076,1.2078425635469188
2022-01-25,1.153016327285863,1.161386537657068
2022-01-26,1.1650558258984685,1.1699217660176924
2022-01-27,1.1478216983132212,1.1361795598850561
2022-01-28,1.1661354405862476,1.1479597173690443
2022-02-07,1.1699013075089122,1.1667753407458628
2022-02-08,1.191900471454697,1.1866440099587119
2022-02-09,1.1894592708435106,1.202258407477712
2022-02-10,1.1893826352648584,1.2032642289950928
2022-02-11,1.1712983778521326,1.1834776760400936
2022-02-14,1.2022584511070098,1.1831881344930981
2022-02-15,1.2167556566472972,1.1860521439076734
2022-02-16,1.2404877302291806,1.2001465823762487
2022-02-17,1.238076744411678,1.1958978445981647
2022-02-18,1.2434391806425695,1.2061941762896753
2022-02-21,1.249959990596365,1.2209790056523822
2022-02-22,1.2444983110737209,1.2087307612134437
2022-02-23,1.246469650341456,1.223182219407952
2022-02-24,1.2273716131140968,1.1956419752655822
2022-02-25,1.244908728243941,1.2064798810429633
2022-02-28,1.246554951088224,1.206566366861764
2022-03-01,1.2574045891698602,1.2170178965830407
2022-03-02,1.2730955940459436,1.2238705457540004
2022-03-03,1.2719912633834751,1.2258802482232376
2022-03-04,1.2651176137275306,1.2115692855913724
2022-03-07,1.2590826822529082,1.1947476556526762
2022-03-08,1.2334461707802806,1.157247782990563
2022-03-09,1.2205183544492932,1.1408990440011466
2022-03-10,1.2415291206963706,1.1602421765296327
2022-03-11,1.2587260453653424,1.1679173145644866
2022-03-14,1.2349263897442433,1.1384125194396126
2022-03-15,1.1959350234530217,1.0783735498354776
2022-03-16,1.2335412662986625,1.111157398096956
2022-03-17,1.2341711173391259,1.1301624012421585
2022-03-18,1.2632602121577852,1.1484591081854911
2022-03-21,1.2758599292994572,1.1628042925883575
2022-03-22,1.2722078871480722,1.164762208530358
2022-03-23,1.2680862440245113,1.168069582980691
2022-03-24,1.2636095327447538,1.1564621399928918
2022-03-25,1.283013190964842,1.1542963728759283
2022-03-28,1.282879306525524,1.1523527505193527
2022-03-29,1.2728127277664267,1.1440009953531676
2022-03-30,1.2714128940060756,1.1613164491456913
2022-03-31,1.2805166808630042,1.1600809329677777
2022-04-01,1.275455230466262,1.1614374396744398
2022-04-06,1.275455230466262,1.175381108549659
2022-04-07,1.275455230466262,1.1504585213279774
2022-04-08,1.275455230466262,1.1474617513630339
2022-04-11,1.275455230466262,1.1178716493825225
2022-04-12,1.275455230466262,1.137566997568499
2022-04-13,1.275455230466262,1.1188455291959314
2022-04-14,1.275455230466262,1.129643734505964
2022-04-15,1.275455230466262,1.1118943838510262
2022-04-18,1.275455230466262,1.1153499841520962
2022-04-19,1.275455230466262,1.1222798319293694
2022-04-20,1.275455230466262,1.1103898520785165
2022-04-21,1.275455230466262,1.0689483972462686
2022-04-22,1.275455230466262,1.0618315641208995
2022-04-25,1.275455230466262,0.9867606497088669
2022-04-26,1.275455230466262,0.9521332391405392
2022-04-27,1.275455230466262,0.9770383530699661
2022-04-28,1.275455230466262,0.9653738779854085
2022-04-29,1.275455230466262,1.0047823358516665
2022-05-05,1.275455230466262,1.0224956768842528
2022-05-06,1.275455230466262,1.00907173132054
2022-05-09,1.275455230466262,1.0261819453901502
2022-05-10,1.3011096899089896,1.0409957700126848
2022-05-11,1.2979388256557713,1.0430172310948276
2022-05-12,1.306218563306627,1.0504020812402224
2022-05-13,1.3212760802788102,1.0592532299352677
2022-05-16,1.323348481234505,1.0635941896047216
2022-05-17,1.31353758039625,1.0620665768799
2022-05-18,1.3274866570082935,1.0695776854666155
2022-05-19,1.337893122416703,1.0768920313934176
2022-05-20,1.335677187081872,1.0910565096748495
2022-05-23,1.3446941929731553,1.1047912565359679
2022-05-24,1.3088917276617555,1.062970808269307
2022-05-25,1.331542600009409,1.0854991330008916
2022-05-26,1.3415780465769707,1.0930467548506022
2022-05-27,1.340344301816928,1.095248155457899
2022-05-30,1.3475405037366928,1.105804573286671
2022-05-31,1.3513645262803307,1.1160574410407271
2022-06-01,1.367172338170939,1.1212297118998535
2022-06-02,1.3776518979080028,1.1260056543970027
2022-06-06,1.3992625864601969,1.1403148283025986
2022-06-07,1.3843873527532784,1.1383781859101683
2022-06-08,1.3852482092907608,1.139262461137801
2022-06-09,1.3649666642639335,1.1218843150733104
2022-06-10,1.3737987320664027,1.1402766703429512
2022-06-13,1.377857233144362,1.142235715811629
2022-06-14,1.3717939388220894,1.1477139090227604
2022-06-15,1.3675887433548706,1.1467783264970817
2022-06-16,1.3802546064137866,1.152062187581564
2022-06-17,1.3672826067100918,1.1561414081854893
2022-06-20,1.3811703935554112,1.1676979621871224
2022-06-21,1.3803285629269633,1.1622955749837423
2022-06-22,1.3686766034426685,1.1500637253964956
2022-06-23,1.377173969472633,1.1698846013806727
2022-06-24,1.3825116839628018,1.180931469883851
2022-06-27,1.3797273435778292,1.1912185955326604
2022-06-28,1.4045311643938834,1.2080616251106877
2022-06-29,1.3862002651515033,1.1853825493893588
2022-06-30,1.3854852773103625,1.1950951343977398
2022-07-01,1.3847239073564845,1.1944741081999306
2022-07-04,1.3923187028126538,1.2020036472036044
2022-07-05,1.3731435792750475,1.1957567536454512
2022-07-06,1.3608227524693333,1.1817149712921748
2022-07-07,1.3633714606512612,1.1910212782545062
2022-07-08,1.3738121701240262,1.1922082305238177
2022-07-11,1.3805045170438592,1.1842126353693383
2022-07-12,1.3684405453766568,1.1713440071275318
2022-07-13,1.3852094034611702,1.1858608421910826
2022-07-14,1.3846706602348215,1.1871645937346262
2022-07-15,1.3578556024864608,1.1636627151246044
2022-07-18,1.3903437799226621,1.1935524641617057
2022-07-19,1.4039012309642556,1.2053949441159857
2022-07-20,1.4078765826210315,1.2171215728441316
2022-07-21,1.406336388223793,1.2118908921762799
2022-07-22,1.4188813157446274,1.2107833588618515
2022-07-25,1.4240263300936187,1.2018706482934274
2022-07-26,1.432274576765473,1.216523364306711
2022-07-27,1.4367351507958188,1.2243343455438274
2022-07-28,1.4339944786416023,1.2324798873301823
2022-07-29,1.4394356753603919,1.2261408012429074
2022-08-01,1.4421364715268503,1.2305200878066553
2022-08-02,1.4040406841215545,1.1837944263229405
2022-08-03,1.4101598049514008,1.1753925578112592
2022-08-04,1.4300255469932162,1.1904277603175022
2022-08-05,1.4268454677675997,1.202107760306284
2022-08-08,1.4470685685133722,1.217657651217479
2022-08-09,1.4520457709554269,1.2214288492183707
2022-08-10,1.4827585340794798,1.2241729321243258
2022-08-11,1.5037474525598036,1.2403849978694483
2022-08-12,1.5255847576891555,1.2405277345320824
2022-08-15,1.500841669210114,1.2464504576012043
2022-08-16,1.5148570188013784,1.2573962699556078
2022-08-17,1.5100423758271098,1.2624572097683497
2022-08-18,1.5161624010332546,1.2604569459669297
2022-08-19,1.4996848366345716,1.2503304390916836
2022-08-22,1.5014748275356387,1.2602792995089906
2022-08-23,1.4991893650492358,1.2661846440824567
2022-08-24,1.4698038860273195,1.2327926521232724
2022-08-25,1.468854806985731,1.2334359426579056
2022-08-26,1.4680899837279582,1.2288991634786544
2022-08-29,1.4780397629563313,1.2381152956845525
2022-08-30,1.4894842947280602,1.2338928676875784
2022-08-31,1.4794824588952515,1.2040106601915121
2022-09-01,1.4939380051266204,1.2001669045061694
2022-09-02,1.5112420147689711,1.213912717737889
2022-09-05,1.513682492826878,1.2203721337706375
2022-09-06,1.5143583841055355,1.2383998622850516
2022-09-07,1.513615312277702,1.240716082522512
2022-09-08,1.5146058518467067,1.2321729526323937
2022-09-09,1.4964676303551006,1.2335748643751863
2022-09-13,1.5142270759146914,1.236599583996354
2022-09-14,1.510244888084728,1.2262002760057287
2022-09-15,1.497132253538938,1.2012763980320502
2022-09-16,1.4571232199249982,1.1693335868353987
2022-09-19,1.452443146478465,1.1574559507638316
2022-09-20,1.4734449351411938,1.1740607202084388
2022-09-21,1.4869851053639438,1.1798136678730573
2022-09-22,1.4954944121668514,1.1740335312987644
2022-09-23,1.4737009642710295,1.1534956124891949
2022-09-26,1.445452109952644,1.1306437802317817
2022-09-27,1.4750757322014676,1.1556972290947554
2022-09-28,1.458493193723567,1.127132901112335
2022-09-29,1.4499047100350746,1.1195032921498145
2022-09-30,1.4437341881072259,1.1089324412354362
2022-10-10,1.4203190804549242,1.0928918924403275
2022-10-11,1.4320930194713972,1.100440089273003
2022-10-12,1.4601803655727643,1.1276855059127338
2022-10-13,1.4862146436339485,1.1357933473825945
2022-10-14,1.494744233376163,1.1581780647187032
2022-10-17,1.5190930547333148,1.172588334811363
2022-10-18,1.5155783659702062,1.1766210302828837
2022-10-19,1.5138407751169536,1.1671538236271597
2022-10-20,1.5122862288788572,1.162001854097012
2022-10-21,1.5253584466631116,1.1623700253174964
2022-10-24,1.5038345224769472,1.1444801479146944
2022-10-25,1.4893603773713473,1.1422714938037473
2022-10-26,1.5108909343154457,1.1605435114445075
2022-10-27,1.5270240507444457,1.1597289364976857
2022-10-28,1.4898721122956164,1.1182630062158565
2022-10-31,1.5132716250064602,1.1246265994142302
2022-11-01,1.555330927103875,1.1540312991420552
2022-11-02,1.5847214780232732,1.1686825125420939
2022-11-03,1.6192927090842713,1.171620125304827
2022-11-04,1.6536845280417714,1.193720710055611
2022-11-07,1.6763526932379167,1.2043164776931232
2022-11-08,1.6781532151170528,1.204691058239044
2022-11-09,1.678818681472062,1.20708960719427
2022-11-10,1.6760953970853454,1.2042542712529056
2022-11-11,1.6824300755403785,1.2134658214080605
2022-11-14,1.6825697453199793,1.2111684027629768
2022-11-15,1.689063380175739,1.23179916951637
2022-11-16,1.695303269208509,1.2299702102750991
2022-11-17,1.7057923693701864,1.2345803698951539
2022-11-18,1.7092330079179816,1.2260778333792743
2022-11-21,1.7033853691319076,1.2281005784212657
2022-11-22,1.7021794206356542,1.2175426091002721
2022-11-23,1.6841603318511413,1.2134142591367605
2022-11-24,1.7218045239146356,1.2177926110690824
2022-11-25,1.7107168263127683,1.2133675989454684
2022-11-28,1.7301997802788947,1.210541224670019
2022-11-29,1.7636804759505973,1.2347478768177242
2022-11-30,1.7664757455811533,1.2362467285512333
2022-12-01,1.771715384725377,1.244178811028394
2022-12-02,1.8085905523569392,1.249457004545445
2022-12-05,1.821204194453114,1.2640578990934264
2022-12-06,1.8091914310787534,1.2594056545560193
2022-12-07,1.8194106893245785,1.2604835426135341
2022-12-08,1.817647481120623,1.2575809990015347
2022-12-09,1.8177334730206343,1.2554625491749505
2022-12-12,1.805632803200739,1.2478744167022306
2022-12-13,1.8161736546360678,1.2486814384850546
2022-12-14,1.8269949472494895,1.2461769740962967
2022-12-15,1.8313874605475127,1.2470604423085265
2022-12-16,1.8215423795707468,1.2377603325281301
2022-12-19,1.7924403524611106,1.2107265973793713
2022-12-20,1.7855190126062095,1.2047114401467507
2022-12-21,1.780112806436445,1.1985135160614597
2022-12-22,1.76537449995238,1.1831753606154982
2022-12-23,1.7795255520641962,1.178920852409285
2022-12-26,1.7771979453630344,1.1951101406375342
2022-12-27,1.771132447066617,1.2027178302590564
2022-12-28,1.7404948429928098,1.1912233696996246
2022-12-29,1.7344421244563943,1.1850144424748124
2022-12-30,1.746838583058804,1.1946910274636764
2023-01-03,1.770089098478376,1.2168623164194943
2023-01-04,1.792088509500394,1.2230419418109342
2023-01-05,1.7973212364508089,1.2293226147111063
2023-01-06,1.7813133028956627,1.2257421141536662
2023-01-09,1.7909093997388863,1.2329090063700519
2023-01-10,1.789791724843558,1.2298651639650136
2023-01-11,1.77332946156246,1.2215508852221573
2023-01-12,1.7722385823741276,1.2204032744332625
2023-01-13,1.7806039592734357,1.2271960952175627
2023-01-16,1.7922069210842264,1.2380442077966616
2023-01-17,1.7847704234793902,1.2357380251209251
2023-01-18,1.8074749061822641,1.2404194528593693
2023-01-19,1.8184386825636003,1.2454360527036203
2023-01-20,1.8188022318423358,1.2572271157042103
2023-01-30,1.8389323235023853,1.2733114610433316
2023-01-31,1.8681329048468556,1.2788232016918724
2023-02-01,1.882655617747269,1.2970743307840942
2023-02-02,1.876885465310528,1.2990341177081615
2023-02-03,1.8754332492989947,1.2955890302769932
2023-02-06,1.8772598807479,1.2919989739167745
2023-02-07,1.8858411688177572,1.2997362146254916
2023-02-08,1.877516095234489,1.293499389847846
2023-02-09,1.8884836072933733,1.306818042951708
2023-02-10,1.891033245934964,1.306110433134092
2023-02-13,1.8976150599937445,1.3190044110295909
2023-02-14,1.8925407470917157,1.3213573669969672
2023-02-15,1.891045348906482,1.3210386139342176
2023-02-16,1.8661356411237666,1.2948584510983763
2023-02-17,1.8757872301280167,1.2914877469793917
2023-02-20,1.8758535868213049,1.3093937361651513
2023-02-21,1.8764708676014763,1.3166733120972636
2023-02-22,1.8792926272180253,1.317799157015791
2023-02-23,1.875333233804251,1.3156667427029156
2023-02-24,1.8820714566426748,1.312602595702117
2023-02-27,1.8676439245026526,1.303402745752247
2023-02-28,1.8913796071754996,1.315553531126963
2023-03-01,1.9008620301557784,1.3252610118591708
2023-03-02,1.9016208790075488,1.321904551463602
2023-03-03,1.891408811746803,1.323350586207923
2023-03-06,1.8810043156725267,1.3231995877929528
2023-03-07,1.8574782296700765,1.2992805846410485
2023-03-08,1.8686754996520165,1.3071001084420535
2023-03-09,1.8695407893952232,1.3036621051246486
2023-03-10,1.848933927454756,1.2831619583828164
2023-03-13,1.8476755820465767,1.2873227407082588
2023-03-14,1.8251690499588171,1.2709395912228816
2023-03-15,1.8346254709874792,1.2849600072172984
2023-03-16,1.822762106912046,1.2653053485058536
2023-03-17,1.8302847310354378,1.2728858701156742
2023-03-20,1.8257986427124429,1.2677942223152168
2023-03-21,1.8742521153240732,1.2850343010171532
2023-03-22,1.8920384575803613,1.2909584899140885
2023-03-23,1.885462860768655,1.2910139206737044
2023-03-24,1.8728340698038228,1.2901929202754336
2023-03-27,1.8666723323839467,1.2866389377079834
2023-03-28,1.8569161967210026,1.2797027417966453
2023-03-29,1.8348833101353903,1.272340952366824
2023-03-30,1.8226778617751602,1.269230512234825
2023-03-31,1.83855424046207,1.2813304190437842
2023-04-03,1.8377028610392425,1.2913247528472738
2023-04-04,1.8377028610392425,1.2813729623456382
2023-04-06,1.8377028610392425,1.2766160554217656
2023-04-07,1.8377028610392425,1.286479578849454
2023-04-10,1.8377028610392425,1.2722851317899637
2023-04-11,1.8377028610392425,1.274252956890714
2023-04-12,1.8377028610392425,1.2815011207937463
2023-04-13,1.8377028610392425,1.2776368864982306
2023-04-14,1.8377028610392425,1.2800638947010814
2023-04-17,1.8377028610392425,1.2848335745747255
2023-04-18,1.8377028610392425,1.2798022154957969
2023-04-19,1.8377028610392425,1.2728816685694324
2023-04-20,1.8377028610392425,1.2653035011576794
2023-04-21,1.8377028610392425,1.2356008941420045
2023-04-24,1.8377028610392425,1.230128617207828
2023-04-25,1.8377028610392425,1.2083279056488991
2023-04-26,1.8377028610392425,1.2193512442905454
2023-04-27,1.8377028610392425,1.2220006483437849
2023-04-28,1.8377028610392425,1.2435085481693502
2023-05-04,1.8377028610392425,1.2545354691790396
2023-05-05,1.8377028610392425,1.246879760025333
2023-05-08,1.8377028610392425,1.2537763432815923
2023-05-09,1.8245598708444914,1.2381645720811487
2023-05-10,1.8359126669508556,1.2408047859882065
2023-05-11,1.8485586840051007,1.2468844553264913
2023-05-12,1.8374718948948843,1.2351803568463038
2023-05-15,1.8486138538437802,1.243491131136979
2023-05-16,1.836397292461493,1.2316388729762966
2023-05-17,1.8608224054851779,1.2393611150107862
2023-05-18,1.8668541514523846,1.2417378655453912
2023-05-19,1.8577048363373136,1.2402632331305303
2023-05-22,1.8662330715463042,1.2455397655631053
2023-05-23,1.8676888684588275,1.2347810057954778
2023-05-24,1.8634483072565182,1.2293868569819673
2023-05-25,1.8710897794434085,1.226817164039103
2023-05-26,1.8715638460806068,1.2313837982763582
2023-05-29,1.8538646202552795,1.225454467522136
2023-05-30,1.8672907661648883,1.2298308583786823
2023-05-31,1.8548654294461118,1.2262659448945603
2023-06-01,1.8476543260528207,1.2284239841733202
2023-06-02,1.8677830831996074,1.241004614959446
2023-06-05,1.8813718574738416,1.2463660439247497
2023-06-06,1.8552182775624848,1.2254638117425378
2023-06-07,1.8654788808263192,1.230170609817421
2023-06-08,1.8636668172361501,1.227682538448859
2023-06-09,1.8426229099819467,1.231879571159666
2023-06-12,1.8849480955922877,1.2413668807565423
2023-06-13,1.8931591977731543,1.2448359509460503
2023-06-14,1.8938398232636309,1.246977467259486
2023-06-15,1.8835215146393591,1.2522558971607458
2023-06-16,1.8863930528261874,1.260228396482475
2023-06-19,1.867594690486804,1.2554886225858515
2023-06-20,1.8474797569807717,1.2483989031255982
2023-06-21,1.8375468510510737,1.233743454805373
2023-06-26,1.8487495641060718,1.2157953649375157
2023-06-27,1.8941879157724482,1.240719002206313
2023-06-28,1.8987784090151432,1.2407473273279785
2023-06-29,1.9142222706082108,1.2482498739108963
2023-06-30,1.9365330319299174,1.2626413799106109
2023-07-03,1.930398358644923,1.27163796843345
2023-07-04,1.9723638971497026,1.276638910882294
2023-07-05,1.976261021735049,1.270205669993943
2023-07-06,1.975212363789312,1.2687008199874261
2023-07-07,1.9709247020210952,1.2656724083811972
2023-07-10,1.9688945621469134,1.2682010735062796
2023-07-11,1.9712993769697966,1.2769176378797373
2023-07-12,1.9675299832894482,1.2645458388231046
2023-07-13,1.9693001469390927,1.2746434609909632
2023-07-14,1.9716070199900315,1.2730703685100222
2023-07-17,1.9700757729303493,1.2705799532145345
2023-07-18,2.005627700024597,1.273076480430477
2023-07-19,2.0052054776716086,1.2735893813747239
2023-07-20,1.9873190314655664,1.262991189948691
2023-07-21,1.9817058626106137,1.2629397017437132
2023-07-24,1.9905249304044805,1.2622761082197
2023-07-25,2.018814040994031,1.2835944542518045
2023-07-26,2.0184922585419356,1.281056001662455
2023-07-27,2.0113989619109085,1.2742942085330617
2023-07-28,2.0196898274365456,1.2866075076884624
2023-07-31,2.016120358327755,1.3001136150685544
2023-08-01,2.009010924206587,1.2982186370380806
2023-08-02,2.0103563548618544,1.2963208827401806
2023-08-03,1.9989398215455698,1.2960283705394504
2023-08-04,1.9870908595338568,1.2951902829829458
2023-08-07,1.9752133344215754,1.2867515966751948
2023-08-08,1.9931027721930192,1.28430946473582
2023-08-09,1.9720763068133491,1.2733239375464733
2023-08-10,1.9801266666212127,1.277989379923081
2023-08-11,1.974029911225141,1.2571439735749015
2023-08-14,1.9804813942802575,1.261584609583808
2023-08-15,1.9835076634790492,1.2562297832055882
2023-08-16,1.9757577138387032,1.2471769035983995
2023-08-17,2.026434048979665,1.2612979036763392
2023-08-18,2.00519903845779,1.2429276521913402
2023-08-21,1.993486664854341,1.2341785007055202
2023-08-22,1.968488907693855,1.2360406036121756
2023-08-23,1.9826164959633985,1.2165831988492175
2023-08-24,1.9743095388252887,1.2152695889440013
2023-08-25,1.9363023612253916,1.196897690819993
2023-08-28,1.950059816680575,1.2110945658802335
2023-08-29,2.0071124691343663,1.2424496454411127
2023-08-30,2.016271266234587,1.2445594249717165
2023-08-31,2.0218343882966914,1.2363356902965774
2023-09-01,2.028091513344741,1.2416732606165042
2023-09-04,2.072303157566943,1.2622856259928892
2023-09-05,2.031615007033189,1.254623254348157
2023-09-06,2.0295813884672085,1.2572023679027626
2023-09-07,2.0201670853500455,1.2383246163092863
2023-09-08,1.991805492342654,1.2385242403833845
2023-09-11,1.9994977789805708,1.250068865154392
2023-09-12,1.9821758186005725,1.2499915146205471
2023-09-13,1.975166487066333,1.2390804716815065
2023-09-14,1.9688916055944266,1.2326581993718824
2023-09-15,1.975117540612084,1.2360922825728775
2023-09-18,2.0078028463368334,1.2451855153776525
2023-09-19,1.9866706160555092,1.2364673686171226
2023-09-20,1.9794651793990063,1.2289260374408173
2023-09-21,1.9729626381889618,1.2198876352628598
2023-09-22,1.9895962487385412,1.2372559893584385
2023-09-25,1.9914726592341319,1.2302735386238375
2023-09-26,1.9857227086879696,1.2241467349115513
2023-09-27,1.9966617905654453,1.2282507974863492
2023-09-28,2.019102720715137,1.2390074666868265
2023-10-09,1.994021318105594,1.2310208603663069
2023-10-10,1.9907119747213635,1.2268040746619946
2023-10-11,1.9894556419886609,1.2253584237761654
2023-10-12,1.988014385599274,1.234390523738381
2023-10-13,1.9592998379116116,1.225145484927433
2023-10-16,1.9677165913732737,1.2216132095136476
2023-10-17,1.9836235630590149,1.219525425842399
2023-10-18,1.9567257987700826,1.1998531412867321
2023-10-19,1.9530325783634914,1.1870707028298122
2023-10-20,1.954973217963851,1.1801786001354606
2023-10-23,1.9278431938144611,1.1541482046421039
2023-10-24,1.9736405079690569,1.179701955393838
2023-10-25,1.9932985745936247,1.197025260208275
2023-10-26,1.9931054505915935,1.2001328334315542
2023-10-27,1.9951469195525453,1.2175909106398464
2023-10-30,2.0085279536021168,1.227590422001398
2023-10-31,2.004930436318987,1.2243235114554738
2023-11-01,2.0182118014725305,1.227633912701655
2023-11-02,2.04075640749612,1.2182023067039005
2023-11-03,2.0678927800560025,1.2287232153527579
2023-11-06,2.1063093537441087,1.2478888578227376
2023-11-07,2.156281229501646,1.2525096327034313
2023-11-08,2.215429443994162,1.2532677040509872
2023-11-09,2.1468930491578577,1.2469108305500909
2023-11-10,2.113571627421522,1.2456787062373254
2023-11-13,2.1077811169927974,1.2567471550209641
2023-11-14,2.098630734204646,1.2611072050823426
2023-11-15,2.0987290669434135,1.268825817212995
2023-11-16,2.0925243249714525,1.2614215838353688
2023-11-17,2.1006246289788657,1.269739456951167
2023-11-20,2.136905128721022,1.280951790208229
2023-11-21,2.165183403702087,1.2789712531999406
2023-11-22,2.1625210411700704,1.2699506041427013
2023-11-23,2.166876737440053,1.2812636318402444
2023-11-24,2.1617303689043426,1.2704477937589937
2023-11-27,2.146129379684734,1.2675987427246769
2023-11-28,2.1707302913927764,1.2757127165274642
2023-11-29,2.1692157300414046,1.2686294121946153
2023-11-30,2.157450300382176,1.264474694266289
2023-12-01,2.1839496162929493,1.2710400127097095
2023-12-04,2.210465312537002,1.272967839927683
2023-12-05,2.2222141390068035,1.253526212087867
2023-12-06,2.223298514561759,1.2598394009700358
2023-12-07,2.221690556879697,1.2560222375340173
2023-12-08,2.186952362084837,1.24144809226648
2023-12-11,2.1887963343554775,1.2540782995489201
2023-12-12,2.2177402000563653,1.2624923706269728
2023-12-13,2.2106113837322816,1.25538360447837
2023-12-14,2.213208049386334,1.2546608413289542
2023-12-15,2.2212512032133054,1.2508392935369497
2023-12-18,2.204633457830969,1.2353127001308783
2023-12-19,2.223141233135897,1.2335515437714608
2023-12-20,2.206346381926797,1.2200306299343622
2023-12-21,2.228933830686106,1.2294281149933661
2023-12-22,2.182555548238152,1.2153220767455295
2023-12-25,2.161774072006414,1.210463820734668
2023-12-26,2.137244059440935,1.1978416073509337
2023-12-27,2.15952728986033,1.2061273703993929
2023-12-28,2.170598313368966,1.2261479342238153
2023-12-29,2.203148561578332,1.2410455066000774
2024-01-02,2.2436302700968844,1.2472576059175184
2024-01-03,2.2369253650757677,1.2463243473358914
2024-01-04,2.246549741195937,1.2436357820964028
2024-01-05,2.2498908878739865,1.2249107123256628
2024-01-08,2.2431959571466678,1.203563153479579
2024-01-09,2.251137318631818,1.2108030209294949
2024-01-10,2.229603748896683,1.2025519944982894
2024-01-11,2.245936425194825,1.2186549491257013
2024-01-12,2.2284743899606734,1.2121968092691604
2024-01-15,2.2418060501202306,1.2127050090414166
2024-01-16,2.235594754974611,1.2078647086734138
2024-01-17,2.2056156861784966,1.1803872423587753
2024-01-18,2.1658438410224092,1.1712301667740743
2024-01-19,2.161065634587,1.1598388484705682
2024-01-22,2.0658580378814557,1.096257112210732
2024-01-23,2.0505938218914754,1.100262039407177
2024-01-24,2.0650112984869566,1.1212701807938406
2024-01-25,2.087993239252954,1.1603409270653873
2024-01-26,2.096444373428563,1.1623002405537395
2024-01-29,2.0739539542013112,1.1315501025282788
2024-01-30,2.0166582986425627,1.0973757820475425
2024-01-31,1.9295774734339683,1.0505653057629838
2024-02-01,1.9195786412740075,1.0329963320462472
2024-02-02,1.9195786412740075,0.9942590311488234
2024-02-05,1.9195786412740075,0.9268316124194581
2024-02-06,1.9040669380218649,0.9435076597521729
2024-02-07,1.7906145958338566,0.9374515272071131
2024-02-08,1.7790113367363496,0.9859337269304889
2024-02-19,1.7859113367363497,1.0149654345780812
2024-02-20,1.8252984111670794,1.0268929457809974
2024-02-21,1.864057764388829,1.0436383763483823
2024-02-22,1.9244794246732926,1.0637916540088646
2024-02-23,1.96785046650529,1.0871621353968588
2024-02-26,2.0050980351374017,1.0990264634233675
2024-02-27,2.0314579080742408,1.1254935261938095
2024-02-28,1.9324005370144517,1.06924541776685
2024-02-29,1.935029874831601,1.1032358863395848
2024-03-01,1.9390739080846415,1.111726274295493
2024-03-04,1.9432611456147515,1.1125777248514026
2024-03-05,1.942959026456441,1.0992240755853218
2024-03-06,1.9958013689795957,1.1092659893011887
2024-03-07,2.0270328131048694,1.103983567039036
2024-03-08,2.06598003768283,1.1132639095837704
2024-03-11,2.119681509636928,1.1323656710104202
2024-03-12,2.175510817743779,1.1441166017442668
2024-03-13,2.22592091862503,1.144539721682614
2024-03-14,2.2758449173770092,1.1408227282028875
2024-03-15,2.354650949783016,1.156044240616538
2024-03-18,2.42409341201181,1.1750442362279867
2024-03-19,2.4885852098387833,1.1715825035477674
2024-03-20,2.5791711560485697,1.1835278917488772
2024-03-21,2.651506010233287,1.1871331431058947
2024-03-22,2.6220190534577195,1.1715061222517422
2024-03-25,2.6158923035885784,1.1489582991348581
2024-03-26,2.6187533993738867,1.1507058462612247
2024-03-27,2.568763489271966,1.119594139219881
2024-03-28,2.6025304662881887,1.1399274804637194
2024-03-29,2.6318840737703315,1.1531867930028956
2024-04-01,2.6419031302047467,1.177094853258139
2024-04-02,2.6419031302047467,1.1780814950231726
2024-04-03,2.6419031302047467,1.1735999747087889
2024-04-08,2.6419031302047467,1.1523178157616627
2024-04-09,2.6419031302047467,1.1653536945552385
2024-04-10,2.6419031302047467,1.1444161071184404
2024-04-11,2.6419031302047467,1.1483531109716831
2024-04-12,2.6419031302047467,1.1408926305285552
2024-04-15,2.6419031302047467,1.1093862884390155
2024-04-16,2.6419031302047467,1.0469360615277765
2024-04-17,2.6419031302047467,1.0967892570255182
2024-04-18,2.6419031302047467,1.0965378913926258
2024-04-19,2.6419031302047467,1.0909668976962361
2024-04-22,2.6419031302047467,1.0813378889982295
2024-04-23,2.6419031302047467,1.0824226736694778
2024-04-24,2.6419031302047467,1.0980545627475982
2024-04-25,2.6419031302047467,1.102964716406191
2024-04-26,2.6419031302047467,1.116870937661633
2024-04-29,2.6419031302047467,1.1450663002519244
2024-04-30,2.6419031302047467,1.139159771248575
2024-05-06,2.6419031302047467,1.1634268788072664
2024-05-07,2.649644825054479,1.1683446065392347
2024-05-08,2.6319594570287106,1.153752275693883
2024-05-09,2.6412783418710815,1.1684432183444764
2024-05-10,2.636457070254391,1.1617605045783659
2024-05-13,2.596887281002983,1.1474805809560646
2024-05-14,2.617873811029813,1.156630404753732
2024-05-15,2.6457098370709935,1.1496547861463235
2024-05-16,2.6879284864047235,1.15368237706244
2024-05-17,2.7013375708670098,1.1670172839552024
2024-05-20,2.666667334348781,1.170921000690583
2024-05-21,2.6469113218793185,1.1597285968973734
2024-05-22,2.6710520692026534,1.161209047322588
2024-05-23,2.6025517533950198,1.135555953386151
2024-05-24,2.6069743028909413,1.1272422390295487
2024-05-27,2.6299462396520514,1.133312839728742
2024-05-28,2.5887578848826442,1.1206368752786362
2024-05-29,2.6668727999525372,1.1227602811937902
2024-05-30,2.588044743765914,1.113327700020712
2024-05-31,2.610930316224579,1.116750277930065
2024-06-03,2.5501651800332015,1.0952689911065259
2024-06-04,2.557130184662987,1.0919403873458082
2024-06-05,2.575570200182123,1.071183344958532
2024-06-06,2.553210200182123,1.037394359345073
2024-06-07,2.5595355101821227,1.0563666862905108
2024-06-11,2.586532851978916,1.0560090993691138
2024-06-12,2.660933041843349,1.0688744380468536
2024-06-13,2.644570708030171,1.058875873494521
2024-06-14,2.672182398796399,1.0620831931619823
2024-06-17,2.671730592435569,1.0547307680725921
2024-06-18,2.6938861635126172,1.0660918315125818
2024-06-19,2.7010943053992342,1.0591253820443993
2024-06-20,2.656851686850667,1.035780640170056
2024-06-21,2.654010469524828,1.0356659046122314
2024-06-24,2.570794402183807,1.0019683702330089
2024-06-25,2.5929330469491894,1.004750771680492
2024-06-26,2.648746657106199,1.027929765200821
2024-06-27,2.625501403105979,1.0097392005834613
2024-06-28,2.6221161980754526,1.014210921515202
2024-07-01,2.6465103783049133,1.0267941040198496
2024-07-02,2.68707121518573,1.0280684269494962
2024-07-03,2.6828294363552234,1.0223164174512767
2024-07-04,2.599282640774515,0.9975963589562176
2024-07-05,2.636124959693273,1.006902995751714
2024-07-08,2.5624512031017432,0.9814650876892984
2024-07-09,2.536412964032554,0.9950883480421883
2024-07-10,2.4852426604696767,0.985449108487404
2024-07-11,2.5238262099644593,1.0142968902309644
2024-07-12,2.5315262099644595,1.0130667199447485
2024-07-15,2.512650743187963,1.0006382468521724
2024-07-16,2.4899299441588583,1.0004392981005132
2024-07-17,2.475020512527886,0.9925074271524434
2024-07-18,2.4735693826541905,0.9932493338930386
2024-07-19,2.494920891440571,0.995525681070227
2024-07-22,2.543413530100649,0.9974667059687746
2024-07-23,2.557021296170799,0.9798001653039229
2024-07-24,2.5546070273590997,0.9661372087555694
2024-07-25,2.5374775563141445,0.9708523532103599
2024-07-26,2.543054971200268,0.9867303730095769
2024-07-29,2.589812930345607,0.9880753834874699
2024-07-30,2.647716562259527,0.9939852200671492
2024-07-31,2.679051288678781,1.0257128896140038
2024-08-01,2.7005952883497946,1.0262491332399162
2024-08-02,2.7001918854369595,1.0171905271454207
2024-08-05,2.6694341572061844,0.9973904338721364
2024-08-06,2.745496340702634,1.013376691926469
2024-08-07,2.785404577831187,1.012873464787781
2024-08-08,2.8438752113924517,1.0139302489439914
2024-08-09,2.801471745046135,1.0068521116049578
2024-08-12,2.7821854176285736,0.9995175633315608
2024-08-13,2.8012581836128736,1.0045945889294068
2024-08-14,2.792566420741427,0.998404227676123
2024-08-15,2.8103344007059348,1.005691291489963
2024-08-16,2.7849984700390884,0.9974674038413968
2024-08-19,2.7750773934311512,0.996569102467198
2024-08-20,2.725183696445607,0.9801509471172141
2024-08-21,2.719565096663758,0.977249332877089
2024-08-22,2.6931916303174406,0.9646083970386021
2024-08-23,2.671612071253507,0.9612301091643061
2024-08-26,2.70348515382034,0.9711248388359194
2024-08-27,2.6779821298703808,0.9598263661291118
2024-08-28,2.715400269468033,0.9636772143467907
2024-08-29,2.7214487745175204,0.9751669209234501
2024-08-30,2.753619320813448,0.9921148284913186
2024-09-02,2.7274883947267,0.9792366357588659
2024-09-03,2.7331895363137217,0.9879806471992636
2024-09-04,2.720132376946712,0.9813781929822033
2024-09-05,2.74303778051752,0.9901751578966241
2024-09-06,2.717938660689225,0.9760733261348714
2024-09-09,2.711083967882739,0.9736890013732331
2024-09-10,2.745956988224217,0.9760752505434366
2024-09-11,2.706200768891162,0.9701280450124143
2024-09-12,2.7173417753712856,0.9691561516286458
2024-09-13,2.698912085034293,0.9596396247796667
2024-09-18,2.6851022096321517,0.9557776043871072
2024-09-19,2.748546391400411,0.9784830129963505
2024-09-20,2.7265702807469236,0.976846459419574
2024-09-23,2.736891751092888,0.9796755698452221
2024-09-24,2.7916137242972034,1.0133274297558434
2024-09-25,2.8173482949969872,1.0258037258057977
2024-09-26,2.8517745433520236,1.0616406163289236
2024-09-27,2.9103124108842144,1.1045805882711246
2024-09-30,3.0614264262360127,1.197390138630435
2024-10-08,3.248894109704414,1.2522114617022118
2024-10-09,3.248894109704414,1.157434557320007
2024-10-10,3.248894109704414,1.161731138839591
2024-10-11,3.248894109704414,1.1268968652581104
2024-10-14,3.248894109704414,1.1553059132383345
2024-10-15,3.268137779477917,1.136822030227299
2024-10-16,3.3044374311601774,1.144559911993549
2024-10-17,3.307051532025561,1.1340275896882268
2024-10-18,3.329134732306543,1.1608823169577307
2024-10-21,3.3287902583293505,1.1726320692440975
2024-10-22,3.36582262842651,1.191561407475023
2024-10-23,3.4060612461959163,1.199150927966964
2024-10-24,3.404204679787655,1.199629701543826
2024-10-25,3.52170687947681,1.2248102925211295
2024-10-28,3.6436291307217705,1.2590138743327275
2024-10-29,3.652885220672586,1.2386664542035009
2024-10-30,3.6936855756855,1.2452615932104418
2024-10-31,3.773307410039103,1.2634169706106317
2024-11-01,3.636887004414622,1.2361441248714984
2024-11-04,3.595232237423309,1.256581998250133
2024-11-05,3.6160348378859624,1.287385446203159
2024-11-06,3.6429845953710647,1.29665976033245
2024-11-07,3.701586156263128,1.3293954925895097
2024-11-08,3.670548116662211,1.327485225280771
2024-11-11,3.7184637179574778,1.3456303402943763
2024-11-12,3.706289987004674,1.3369068761985121
2024-11-13,3.732399358480835,1.336523970940364
2024-11-14,3.679285334476623,1.3035754713974077
2024-11-15,3.6506733719849445,1.280882434873389
2024-11-18,3.6097015189748958,1.2630484112680167
2024-11-19,3.644488222214917,1.2867711956821462
2024-11-20,3.7184945333597414,1.3121559216568521
2024-11-21,3.745190857266438,1.3183693021329728
2024-11-22,3.645566595826034,1.2776114872256024
2024-11-25,3.7272045877450832,1.2934145954714111
2024-11-26,3.7436086161326885,1.2863857599890638
2024-11-27,3.764576211695231,1.3020230153938779
2024-11-28,3.814310522840801,1.3072210156875774
2024-11-29,3.8863255750251073,1.3238847453739924
2024-12-02,3.9669141061240034,1.352161169092647
2024-12-03,4.013243447840037,1.3567385643046053
2024-12-04,4.019691877898816,1.3397890897715043
2024-12-05,4.040262993604063,1.3545003147225243
2024-12-06,4.040786501987589,1.3712294972290024
2024-12-09,4.046768005841778,1.3705593942311474
2024-12-10,4.037214451611243,1.3774994123566016
2024-12-11,4.0754508822574955,1.3996755007973039
2024-12-12,4.164565209024015,1.4183281902626523
2024-12-13,4.142216612093744,1.3944527343372102
2024-12-16,4.225212424632346,1.3900382212546263
2024-12-17,4.032918597320871,1.3453126570275542
2024-12-18,4.008631646039809,1.3502649725318823
2024-12-19,4.013921016043777,1.346728075721507
2024-12-20,4.054316919626061,1.3546390527109762
2024-12-23,3.9946528815056688,1.305390716906401
2024-12-24,3.9496045724343367,1.3170088741131283
2024-12-25,3.8687892305137055,1.294110282951273
2024-12-26,3.926130479934149,1.305880584102034
2024-12-27,3.955688517642454,1.3193776024886454
2024-12-30,3.918231713053251,1.3074720681988576
2024-12-31,3.8612357644342103,1.2809520091917541
2025-01-02,3.886137537305808,1.2604996529593058
2025-01-03,3.736773457608321,1.21866318007972
2025-01-06,3.7381674303671275,1.2140396485349747
2025-01-07,3.8545661425916435,1.2347130653189269
2025-01-08,3.861899571178764,1.2341566294043569
2025-01-09,3.8826265363729267,1.235949693194558
2025-01-10,3.7520424132029335,1.2051272549198928
2025-01-13,3.766577031404782,1.2049119072364243
2025-01-14,3.9159737180688095,1.2537331377279561
2025-01-15,3.9434159819768415,1.25128383758147
2025-01-16,3.9554190479141016,1.2608226779586313
2025-01-17,3.909498464582731,1.2618731329918245
2025-01-20,3.969446239058657,1.2725429113223352
2025-01-21,3.9182017299099,1.2681665573304846
2025-01-22,3.8689293966367364,1.2549295845224415
2025-01-23,3.8812429960200716,1.2526658534786608
2025-01-24,3.930004863618135,1.2621487686901351
2025-01-27,3.9337246500772687,1.25533251213639
2025-02-05,3.9842100505481217,1.2610165520962973
2025-02-06,4.00986489787556,1.2828504468847457
2025-02-07,4.00182017892745,1.2998125422928801
2025-02-10,4.041575747403733,1.3188015508316409
2025-02-11,4.036840270651489,1.3163523771464787
2025-02-12,4.037424359214966,1.3275414414769293
2025-02-13,4.0034919054166265,1.3191558654749616
2025-02-14,3.990068668105812,1.3177919281729364
2025-02-17,4.052836173789911,1.3316763849716438
2025-02-18,3.993408873044995,1.3055371409500882
2025-02-19,4.016476242981322,1.3260409508758342
2025-02-20,4.045849499727261,1.3351271196923762
2025-02-21,4.014442831377961,1.3397074710982366
2025-02-24,4.033313328044901,1.3454875705937144
2025-02-25,4.017106067085885,1.3377217990448669
2025-02-26,4.049326541410168,1.3561643237267782
2025-02-27,4.068039081443199,1.3562645262261157
2025-02-28,4.030586582793867,1.3242947012190622
2025-03-03,4.0404803479398215,1.328077818649942
2025-03-04,4.075214392721444,1.3404211559579193
2025-03-05,4.04446841676321,1.3422628488911255
2025-03-06,4.104039201427308,1.3598247720405667
2025-03-07,4.060878676917115,1.3556887882183677
2025-03-10,4.094451334473552,1.363280009762576
2025-03-11,4.109235237275341,1.3714612425220483
2025-03-12,4.112480399989593,1.3786970903264164
2025-03-13,4.082085305945188,1.368364489711562
2025-03-14,4.1181160868035125,1.3890270584607354
2025-03-17,4.181035761915671,1.3967612725806913
2025-03-18,4.225661858090204,1.4026569497132382
2025-03-19,4.195844879741785,1.3985585310173183
2025-03-20,4.193978697228778,1.3993525951866166
2025-03-21,4.164225553736286,1.3817444453798298
2025-03-24,4.0923610241493105,1.363666432088903
2025-03-25,4.141715541743473,1.3614439358174373
2025-03-26,4.256659053618267,1.3732815340814404
2025-03-27,4.242340672079787,1.3657793851959155
2025-03-28,4.234935493329915,1.3486056113875775
2025-03-31,4.167219545774184,1.331853416506555
2025-04-01,4.166786231718537,1.3459199355222538
2025-04-02,4.166786231718537,1.3477206796291354
2025-04-03,4.166786231718537,1.343693572948927
2025-04-07,4.166786231718537,1.2247299336004627
2025-04-08,4.166786231718537,1.2090297547478377
2025-04-09,4.166786231718537,1.2319565485902255
2025-04-10,4.166786231718537,1.263003774097136
2025-04-11,4.166786231718537,1.2696767031903498
2025-04-14,4.166786231718537,1.29417385140172
2025-04-15,4.166786231718537,1.294753823914509
2025-04-16,4.166786231718537,1.2795194345992633
2025-04-17,4.166786231718537,1.2878264595010303
2025-04-18,4.166786231718537,1.286153682988163
2025-04-21,4.166786231718537,1.3048916351722348
2025-04-22,4.166786231718537,1.3093372350342847
2025-04-23,4.166786231718537,1.3133992053059758
2025-04-24,4.166786231718537,1.3066198098746196
2025-04-25,4.166786231718537,1.3109830949856156
2025-04-28,4.166786231718537,1.292668745881833
2025-04-29,4.166786231718537,1.3003447016350413
2025-04-30,4.166786231718537,1.3068577495783424
2025-05-06,4.240723037259085,1.3383254115511791
2025-05-07,4.247780026738239,1.3489581132051318
2025-05-08,4.290784993484128,1.3601921847837968
2025-05-09,4.28036659935681,1.3509102997937892
2025-05-12,4.301663088774224,1.3651637701569799
2025-05-13,4.282991494715051,1.3652141246748832
2025-05-14,4.2589906042398,1.3696708030714562
2025-05-15,4.332683779434483,1.3604628420144178
2025-05-16,4.335119114167305,1.3661926795210895
2025-05-19,4.379137041283786,1.3806699317038433
2025-05-20,4.419014389914943,1.3919105961101015
2025-05-21,4.393406371162377,1.3892568909965917
2025-05-22,4.343565788946571,1.3743704630367326
2025-05-23,4.3639868610597015,1.3602241645975632
2025-05-26,4.362011432866208,1.3709452994391114
2025-05-27,4.391700568921491,1.3767738248702097
2025-05-28,4.370180458135513,1.3747268316943053
2025-05-29,4.398033138232624,1.391452886687856
2025-05-30,4.356989595957948,1.3766000045481244
2025-06-03,4.405896003428487,1.3859393958849462
2025-06-04,4.485395379203224,1.4011022435656508
2025-06-05,4.446191848333819,1.4015735229544013
2025-06-06,4.496119027894724,1.4045767794529669
2025-06-09,4.5217868681263536,1.4187130302969513
2025-06-10,4.485550291930028,1.4102069998476128
2025-06-11,4.50139015220584,1.4186158204018653
2025-06-12,4.490369816554833,1.4192313162493346
2025-06-13,4.423158438110035,1.3970481835597532
2025-06-16,4.448642332332909,1.405565019401475
2025-06-17,4.431579071651887,1.4053230960993428
2025-06-18,4.387348975033848,1.3972755111254274
2025-06-19,4.307671824320421,1.37417579364957
2025-06-20,4.385171643734977,1.3669001409984751
2025-06-23,4.45566225491395,1.3849895544858886
2025-06-24,4.539879365577481,1.4091290899135898
2025-06-25,4.53895721213617,1.4206527067402217
2025-06-26,4.551949510448591,1.418047141080873
2025-06-27,4.642482986847912,1.4250960122826943
2025-06-30,4.626094989843284,1.439633515982726
2025-07-01,4.631833092913754,1.446364619670108
2025-07-02,4.641318844873975,1.4450456892402856
2025-07-03,4.643658336355554,1.4520103031118607
2025-07-04,4.599527276233052,1.4427215011338412
2025-07-07,4.657607005555954,1.45275046958521
2025-07-08,4.670447178444503,1.4668828295148006
2025-07-09,4.675366615210063,1.4662608391058096
2025-07-10,4.676217182667828,1.4733743667774162
2025-07-11,4.655310083079,1.4776660709787148
2025-07-14,4.69944946624264,1.484191946139247
2025-07-15,4.6365065248103825,1.4690889379756407
2025-07-16,4.67216274742019,1.476839113135849
2025-07-17,4.6908889303354835,1.486558915445824
2025-07-18,4.680846961202096,1.490056076358154
2025-07-21,4.7328020457102555,1.511074284778073
2025-07-22,4.721655586277283,1.518585355557429
2025-07-23,4.726036858615089,1.508423571045764
2025-07-24,4.749218720670705,1.525984064380489
2025-07-25,4.790775868169968,1.5252656328326006
2025-07-28,4.797480968749649,1.5277404463749389
2025-07-29,4.749126008527835,1.527288517447454
2025-07-30,4.765062554872169,1.5223198898397117
2025-07-31,4.710890378601768,1.502017326038653
2025-08-01,4.758284245582871,1.5078865994186654
2025-08-04,4.790783123427904,1.5206689219384066
2025-08-05,4.853432464099935,1.5347278217579978
2025-08-06,4.869021830013304,1.5429950679549853
2025-08-07,4.8616185772514315,1.5439089455332258
2025-08-08,4.909553083149967,1.5488375455867038
2025-08-11,4.964109392939635,1.5653489446604931
2025-08-12,4.965896262411192,1.5663414761943812
2025-08-13,4.933335213381697,1.5748123734200357
2025-08-14,4.890814226246326,1.5521223807306277
2025-08-15,4.849273601164654,1.5735644425224284
2025-08-18,4.875500417503181,1.5893527560619023
2025-08-19,4.917183782952343,1.599236749003756
2025-08-20,4.936463684074105,1.6148076414263155
2025-08-21,4.953040168032822,1.6143231228782167
2025-08-22,4.911125769005043,1.620443037512441
2025-08-25,4.908629694164115,1.6356751151630988
2025-08-26,4.956133307861544,1.643712199198949
2025-08-27,4.823295191849924,1.6059802496221205
2025-08-28,4.808329122075757,1.6123714996379643
2025-08-29,4.792084828879653,1.6105424333109157
2025-09-01,4.838922527235412,1.6241372005012884
2025-09-02,4.818422334517444,1.6057418769421723
2025-09-03,4.752303869493436,1.5770372483069055
2025-09-04,4.792872717227335,1.5712069997588338
2025-09-05,4.812697232899807,1.600129339756658
2025-09-08,4.872807901692142,1.6203221134864307
2025-09-09,4.872438239730035,1.6122387284670203
2025-09-10,4.893492443263765,1.6153440194389816
2025-09-11,4.898957285517452,1.6340857793105603
2025-09-12,4.878029506449158,1.634657621721345
2025-09-15,4.872010885479682,1.6341433255251312
2025-09-16,4.913242584404839,1.6485203252161478
2025-09-17,4.889919618538328,1.652136222522506
2025-09-18,4.815801936038476,1.6296406226097149
2025-09-19,4.79990674573186,1.624689372191156
2025-09-22,4.75705495459881,1.6208799267775733
2025-09-23,4.699446328700908,1.6024994643976531
2025-09-24,4.789251043547458,1.6229933136588401
2025-09-25,4.810791265003375,1.6139485648140215
2025-09-26,4.8407313270805075,1.6073586354404552
2025-09-29,4.858829389517621,1.6206834128182144
2025-09-30,4.8662897309791,1.6256265404843193
2025-10-09,4.840359179657847,1.6390348805654031
2025-10-10,4.921444270616931,1.6439597414081832
2025-10-13,4.897068671163929,1.63661708461853
2025-10-14,4.914617647051306,1.6280852766333767
2025-10-15,4.941744878308029,1.6487683032562652
2025-10-16,4.900354437194299,1.6348650320328217
2025-10-17,4.894206812057527,1.6041560111980075
2025-10-20,4.939110247653889,1.6215936423985635
2025-10-21,5.034791560739238,1.6459993234351702
2025-10-22,5.101102322313932,1.645274933931387
2025-10-23,5.116638712603153,1.6509409628599105
2025-10-24,5.119115238663375,1.6531758419656182
2025-10-27,5.091120218627762,1.6638075176886928
2025-10-28,5.121430867817739,1.6639206849605188
2025-10-29,5.08690435559291,1.669628987187307
2025-10-30,5.07744220514899,1.6541429603770996
2025-10-31,5.121477322506897,1.6656639861151565
2025-11-03,5.154318439655124,1.680782656896729
2025-11-04,5.158490887062495,1.6740260494555674
2025-11-05,5.173166616075147,1.6876860670283422
2025-11-06,5.194563150703826,1.6955025108315753
2025-11-07,5.186241833140845,1.6963450004764686
2025-11-10,5.232670279714808,1.710508306505702
2025-11-11,5.22833827279955,1.7155974949947244
2025-11-12,5.236498483400628,1.708021780344908
2025-11-13,5.249617270778139,1.7265491692918036
2025-11-14,5.289090364210617,1.7225910729738245
2025-11-17,5.292827978049465,1.7249755725963105
2025-11-18,5.268611779565529,1.7027807217971072
2025-11-19,5.180893463735779,1.6857334375241753
2025-11-20,5.1407344588370805,1.6743939592925403
2025-11-21,4.972684625948581,1.6137385892667566
2025-11-24,5.024176169784105,1.630239884448285
2025-11-25,5.076291850721964,1.6504083046440279
2025-11-26,5.04211587984867,1.6458364840624555
2025-11-27,5.09513142774645,1.648724290062686
2025-11-28,5.18613508333983,1.6682797185267415
2025-12-01,5.169906473570636,1.6797733087876128
2025-12-02,5.17892608366985,1.6758374574809698
2025-12-03,5.219936704070353,1.6672870420130022
2025-12-04,5.177888472541364,1.6538564793115909
2025-12-05,5.229144271382051,1.674035906599896
2025-12-08,5.308142994299044,1.6838050734872227
2025-12-09,5.263665995506305,1.6722326500128457
2025-12-10,5.219106233564021,1.6757043737013264
2025-12-11,5.152308923256696,1.6480654654717606
2025-12-12,5.106482085467735,1.6487160170510926
2025-12-15,5.118969073665218,1.6499699176132205
2025-12-16,5.062402980763175,1.6249863173501256
2025-12-17,5.1509842287690075,1.6356594609600588
2025-12-18,5.225678805912146,1.6405540396985672
2025-12-19,5.278949157272619,1.667335292839127
2025-12-22,5.2797518901753895,1.6769179649910557
2025-12-23,5.2343432082577825,1.6666345955064985
2025-12-24,5.2447615109092975,1.6836395827203818
2025-12-25,5.278529429312218,1.698086791506491
2025-12-26,5.244673513033512,1.7007725454317089
2025-12-29,5.270269719901304,1.6963794659671576
2025-12-30,5.251554963831586,1.692160745151648
2025-12-31,5.2801733893426634,1.6932113760872596
2026-01-05,5.309596084443312,1.711900308846603
2026-01-06,5.354254604054376,1.7359528229477506
2026-01-07,5.294601929025497,1.7366111638345039
2026-01-08,5.412037438594751,1.7514255235943448
2026-01-09,5.486267351749194,1.770576289572798
2026-01-12,5.610715180972866,1.796736480761439
2026-01-13,5.5982807879171075,1.7801731743642106
2026-01-14,5.590116513042168,1.7848541106336397
2026-01-15,5.5870895833593375,1.780666964933676
2026-01-16,5.576160412543922,1.7748455038185125
2026-01-19,5.655414327210299,1.7978959943114132
2026-01-20,5.6603456613468515,1.7970828691824878
2026-01-21,5.725054679134155,1.8065172841485369
2026-01-22,5.784832984340061,1.8241929579446572
2026-01-23,5.7711705617110525,1.8456131245286274
2026-01-26,5.75710788121151,1.8316288730056767
2026-01-27,5.733611368818639,1.8227314450588283
2026-01-28,5.701670647277017,1.8199997033042994
2026-01-29,5.695969312845387,1.8140458781724043
2026-01-30,5.773337972437397,1.8067878132907969
2026-02-02,5.750002319766567,1.7653419261450898
2026-02-03,5.8646686551813785,1.7982130240502665
2026-02-04,5.896143238515374,1.814976169399799
2026-02-05,5.904814162139774,1.8021781889842308
2026-02-06,5.937795808645117,1.8059006309264183
2026-02-09,5.988938157680211,1.8321305655200197
2026-02-10,5.990373349441707,1.8323790137373412
2026-02-11,5.949999374421864,1.8317879419261596
2026-02-12,5.898094277234818,1.8248240545517957
2026-02-13,5.923168217688615,1.809718095498934
2026-02-24,5.983975263717912,1.8389680395493253
2026-02-25,5.974515927842786,1.8584524445765775
2026-02-26,5.944276866106749,1.859833326682488
2026-02-27,5.9902529972757295,1.8746857618759423
2026-03-02,5.8265762775055,1.850123433022281
2026-03-03,5.748683244704022,1.8001100429520234
2026-03-04,5.714715981140001,1.7884099956903623
2026-03-05,5.752085051665411,1.8064935895987395
2026-03-06,5.864448936645908,1.8348641339051874
2026-03-09,5.847684242296305,1.8207607863307782
2026-03-10,5.938170908984539,1.844165278381616
2026-03-11,5.916076346436654,1.8470972163319366
2026-03-12,5.860176485186529,1.8395349957236378
2026-03-13,5.853509125992942,1.8267879983413928
2026-03-16,5.8451096841913435,1.8250052475164729
2026-03-17,5.769191332814725,1.799291504906866
2026-03-18,5.818136194861657,1.8092192113003644
2026-03-19,5.722637730825572,1.7676414065666806
2026-03-20,5.600659286517571,1.7304869028026204
2026-03-23,5.492535296626188,1.6469474148547036
2026-03-24,5.648272297610883,1.7010931033735808
2026-03-25,5.723156776348146,1.736387095558324
2026-03-26,5.6903583566590275,1.716222260536847
2026-03-27,5.722760368240862,1.738491609668263
2026-03-30,5.759939190246349,1.7450928972567272
2026-03-31,5.713676449000189,1.7228095298884873
2026-04-01,5.760677646419478,1.7437147832381732
2026-04-02,5.760677646419478,1.7199492013850148
2026-04-03,5.760677646419478,1.6802771517384352
2026-04-07,5.760677646419478,1.704392070867859
2026-04-08,5.760677646419478,1.758592404300822
2026-04-09,5.760677646419478,1.7412922078796393
2026-04-10,5.760677646419478,1.7549604836604102
2026-04-13,5.760677646419478,1.7577614578363734
2026-04-14,5.760677646419478,1.7692300900744278
2026-04-15,5.760677646419478,1.7624803661746478
2026-04-16,5.760677646419478,1.784640092205435
2026-04-17,5.760677646419478,1.7829006215045307
2026-04-20,5.760677646419478,1.795670163554376
2026-04-21,5.760677646419478,1.7935960342667474
2026-04-22,5.760677646419478,1.7973589960499987
2026-04-23,5.760677646419478,1.7835456402813965
2026-04-24,5.760677646419478,1.7756367038305871
2026-04-27,5.760677646419478,1.7830656382469643
2026-04-28,5.760677646419478,1.7712056223154353
2026-04-29,5.760677646419478,1.7940835015152494
2026-04-30,5.760677646419478,1.7960997157212424
2026-05-06,5.760677646419478,1.8176264207757076
2026-05-07,5.760677646419478,1.830449419739488
2026-05-08,5.760677646419478,1.847012661745743
2026-05-11,5.760677646419478,1.8574941989584235
2026-05-12,5.685629506462711,1.8411706845158358
2026-05-13,5.669712283629571,1.854665404606709
2026-05-14,5.666971408962761,1.8234588973246004
2026-05-15,5.6314580182658265,1.809275824316145
2026-05-18,5.674292784733451,1.8048908921674987
2026-05-19,5.666482116938776,1.8183627317842108
2026-05-20,5.609216298590962,1.8021654871629345
2026-05-21,5.45071960966815,1.7585088437775578
2026-05-22,5.493958734771724,1.780351235774427
2026-05-25,5.463658734771723,1.7797481282120315
2026-05-26,5.386592132433123,1.7638056126266113
2026-05-27,5.333522828812843,1.7331896800834659
2026-05-28,5.31998886167798,1.7391394436437346
2026-05-29,5.306049447497742,1.7176573321737043
2026-06-01,5.364610642081049,1.7423015221368694
2026-06-02,5.217568234478646,1.7262409462303485
2026-06-03,5.141808570721344,1.7171767394318285
2026-06-04,5.064297378569159,1.6970856619139094
2026-06-05,5.067325082144635,1.700337672418469
2026-06-08,5.067325082144635,1.6559565106421616
2026-06-09,5.054929841463269,1.6672841623956314
2026-06-10,5.032966519134252,1.650560886349484
2026-06-11,4.99117332163007,1.6340322371099831
2026-06-12,5.052272762917235,1.6561972834988534
2026-06-15,4.969720680412656,1.6801855350492183
2026-06-16,4.951415315829807,1.6834331994206895
2026-06-17,4.8742130124882515,1.6677254930265386
2026-06-18,4.857955378660699,1.6553539461152513
2026-06-22,4.860142581647593,1.6673343107242635
2026-06-23,4.922161491803949,1.6658853803934999
2026-06-24,4.781135920331836,1.6414590511975213
2026-06-25,4.737190973787185,1.6203268607153776
2026-06-26,4.709889717552806,1.5815908769232379
2026-06-29,4.716527640018212,1.5824660013589145
2026-06-30,4.666105887262817,1.588794698458723
2026-07-01,4.776197009472039,1.6232672525841239
2026-07-02,4.772163196915169,1.6212995120881784
2026-07-03,4.853948841535711,1.6396315548338425
2026-07-06,4.8304902770736575,1.6277265918314838
2026-07-07,4.7224604522946265,1.5845520597754352
2026-07-08,4.7095281481190705,1.5655886257764728
2026-07-09,4.68215814811907,1.5663404765120807
2026-07-10,4.75624814811907,1.582896042866491
2026-07-13,4.6682381481190705,1.5331674579908057
2026-07-14,4.75637279611907,1.5570494690562617
2026-07-15,4.81667279611907,1.5668139896164481
2026-07-16,4.86550279611907,1.5612321733305121
2026-07-17,4.72998279611907,1.5056034885464948
2026-07-20,4.6065627961190705,1.4832674976264788
2026-07-21,4.537621812360254,1.488982536868444
2026-07-22,4.514828586293102,1.4809825950816682
2026-07-23,4.556439048373402,1.513071367239445
2026-07-24,4.517869048373402,1.473828215719614
2026-07-27,4.554549048373402,1.5134281081821928
2026-07-28,4.601432677373402,1.5108367541169792
2026-07-29,4.697602677373402,1.533746715100599
2026-07-30,4.704482677373401,1.5176220824242024
2026-07-31,4.778842677373402,1.5451251947947013
2026-08-03,4.904712677373402,1.5681478330835923
2026-08-04,4.928981169373403,1.5833131297514174
2026-08-05,4.912721169373403,1.602361282073181
2026-08-06,4.931211169373403,1.6083637608592716
2026-08-07,4.9162011693734025,1.6131260525241542
2026-08-10,5.022611169373403,1.6407949497263465
2026-08-11,5.0109074763734025,1.6333477752953465
2026-08-12,5.026137476373402,1.6515168717140736
2026-08-13,4.992727476373402,1.6338730249861364
2026-08-14,4.989917476373402,1.6303477587318436
2026-08-18,5.033295760373402,1.652609849652645
2026-08-19,4.951075760373402,1.5990473977781465
2026-08-20,5.020065760373402,1.6165823210052659
2026-08-21,5.018075760373402,1.6157920773230103
