,jq,mine
2021-01-04,1.0,1.0
2021-01-05,0.996,0.9947099563598427
2021-01-06,0.9807,0.9766611926874332
2021-01-07,0.9588,0.9481879939931972
2021-01-08,0.9591,0.9467103847971277
2021-01-11,0.9518,0.9468496896191122
2021-01-12,0.9486,0.9538557020614575
2021-01-13,0.937,0.9373547586491976
2021-01-14,0.9334,0.9506948835743355
2021-01-15,0.9402,0.964595871902469
2021-01-18,0.9523,0.9719025463733639
2021-01-19,0.9549,0.9789028935781088
2021-01-20,0.952,0.9782705809170276
2021-01-21,0.953,0.9792070199289673
2021-01-22,0.9534,0.9726901794558404
2021-01-25,0.9427,0.9570373832200354
2021-01-26,0.9448,0.9570590697582381
2021-01-27,0.9352,0.9624946442768616
2021-01-28,0.9480999999999999,0.9676332774075612
2021-01-29,0.9329000000000001,0.9523910806991377
2021-02-01,0.9308,0.9503074105761322
2021-02-02,0.9289000000000001,0.9428211151092718
2021-02-03,0.923,0.9244106141366181
2021-02-04,0.9132,0.91761338369548
2021-02-05,0.9112,0.9137821664269894
2021-02-08,0.9096,0.9093902032583073
2021-02-09,0.9155,0.9134120089961166
2021-02-10,0.9178999999999999,0.9135112051716164
2021-02-18,0.9399,0.9347700033184908
2021-02-19,0.9569,0.9582499150070304
2021-02-22,0.9656,0.9747086745632526
2021-02-23,0.9628,0.9631319349364514
2021-02-24,0.9669,0.9638737631633191
2021-02-25,0.9607,0.9576065480029631
2021-02-26,0.9652000000000001,0.9633597163913684
2021-03-01,0.9734,0.9733057003596615
2021-03-02,0.9699,0.9680718268595699
2021-03-03,0.9719,0.9741000634735801
2021-03-04,0.9688,0.9737695238277603
2021-03-05,0.9755,0.9822353893726001
2021-03-08,0.9792,0.9829568660566732
2021-03-09,0.9703,0.9699565575638562
2021-03-10,0.9625,0.9546413216872205
2021-03-11,0.9735,0.9701651558350379
2021-03-12,0.9696,0.9684992168775386
2021-03-15,0.969,0.9689570963108199
2021-03-16,0.976,0.9870833445337477
2021-03-17,0.9795,0.9933727659133196
2021-03-18,0.9785,0.9939025849593179
2021-03-19,0.9831,0.99684842427097
2021-03-22,0.9898,0.99900505343987
2021-03-23,0.9818,0.9899007426262793
2021-03-24,0.9831,0.9885255366895265
2021-03-25,0.9894,0.9918301530802346
2021-03-26,1.0035,0.9949675415440375
2021-03-29,1.012,0.996145334473955
2021-03-30,1.0045,0.9864235753546291
2021-03-31,1.0117,0.988711391598407
2021-04-01,1.0163,0.990529368837083
2021-04-02,1.0163,0.990529368837083
2021-04-06,1.0163,0.990529368837083
2021-04-07,1.0162,0.990529368837083
2021-04-08,1.0161,0.990529368837083
2021-04-09,1.0162,0.990529368837083
2021-04-12,1.0164,0.990529368837083
2021-04-13,1.0167,0.990529368837083
2021-04-14,1.0168,0.990529368837083
2021-04-15,1.0166,0.990529368837083
2021-04-16,1.017,0.990529368837083
2021-04-19,1.0169,0.990529368837083
2021-04-20,1.017,0.990529368837083
2021-04-21,1.017,0.990529368837083
2021-04-22,1.0169,0.990529368837083
2021-04-23,1.0172,0.990529368837083
2021-04-26,1.0171,0.990529368837083
2021-04-27,1.017,0.990529368837083
2021-04-28,1.0167,0.990529368837083
2021-04-29,1.0168,0.990529368837083
2021-04-30,1.0171,0.990529368837083
2021-05-06,1.017,0.990529368837083
2021-05-07,1.013,0.990529368837083
2021-05-10,1.0172,0.990529368837083
2021-05-11,1.0244,1.001686168963245
2021-05-12,1.026,1.0051275126962835
2021-05-13,1.023,1.0058858979305092
2021-05-14,1.0284,1.0154496685721612
2021-05-17,1.0151,1.0018460627356651
2021-05-18,1.0283,1.0041924266825104
2021-05-19,1.0408,1.002859877826264
2021-05-20,1.0434,1.005947754470812
2021-05-21,1.0372,1.0105682285746598
2021-05-24,1.0383,1.0126106680230413
2021-05-25,1.0367,1.011340505222521
2021-05-26,1.0381,1.0162560836999097
2021-05-27,1.0371,1.0181823352201702
2021-05-28,1.0316,1.0161508540892823
2021-05-31,1.0328,1.0188398951457807
2021-06-01,1.0382,1.0235406153245756
2021-06-02,1.0349,1.0284209671153117
2021-06-03,1.0354,1.031539439635452
2021-06-04,1.0313,1.023291039879483
2021-06-07,1.0418,1.0266216080082056
2021-06-08,1.0467,1.0371193038254882
2021-06-09,1.0452,1.0444407925766077
2021-06-10,1.0462,1.0444566470522487
2021-06-11,1.0489,1.0424483882715498
2021-06-15,1.0473,1.0384448029914115
2021-06-16,1.0435,1.0327987278041089
2021-06-17,1.0452,1.0321555770091773
2021-06-18,1.0491,1.0351898074369612
2021-06-21,1.0525,1.0412774067710395
2021-06-22,1.056,1.0449365405037925
2021-06-23,1.0576,1.0434544986739105
2021-06-24,1.0589,1.04473024570978
2021-06-25,1.057,1.044332393010353
2021-06-28,1.0563,1.0437851456105085
2021-06-29,1.0462,1.0354519737977916
2021-06-30,1.0484,1.0374189901451667
2021-07-01,1.0391,1.0477616733302433
2021-07-02,1.0414,1.0453798482910075
2021-07-05,1.0545,1.053346783622805
2021-07-06,1.0582,1.058036502733458
2021-07-07,1.0608,1.0578830750733113
2021-07-08,1.056,1.050948040884906
2021-07-09,1.0585,1.0548436484343504
2021-07-12,1.0593,1.0584286959298201
2021-07-13,1.0598,1.0642908181076243
2021-07-14,1.0521,1.0622210277262345
2021-07-15,1.0403,1.0476851116910544
2021-07-16,1.0394,1.0457623932751454
2021-07-19,1.0365,1.0396230805211595
2021-07-20,1.0361,1.0386572416363224
2021-07-21,1.0441,1.0450565545554615
2021-07-22,1.0468,1.0446641936908847
2021-07-23,1.0374,1.0335811075309906
2021-07-26,1.0371,1.0241401807348818
2021-07-27,1.0271,1.0161133726943263
2021-07-28,1.0121,0.997421133828465
2021-07-29,1.02,1.0025138161713527
2021-07-30,1.026,1.0048851918501498
2021-08-02,1.0367,1.0109262965842472
2021-08-03,1.0411,1.0185644768365705
2021-08-04,1.0446,1.0264262523388819
2021-08-05,1.0441,1.0291388831767883
2021-08-06,1.0416,1.0271143020927043
2021-08-09,1.0558,1.0365168794607234
2021-08-10,1.0605,1.043572183781069
2021-08-11,1.0659,1.051628927377643
2021-08-12,1.0637,1.0499504987058035
2021-08-13,1.0605,1.0495676547208261
2021-08-16,1.0641,1.0464907411417512
2021-08-17,1.0548,1.0347042110410691
2021-08-18,1.0612,1.0443355571530017
2021-08-19,1.0591,1.0435223106149036
2021-08-20,1.0547,1.040888975313351
2021-08-23,1.0697,1.052826936035442
2021-08-24,1.0765,1.0623223762187806
2021-08-25,1.0826,1.070430603451119
2021-08-26,1.0829,1.0722459516673593
2021-08-27,1.079,1.066613230159375
2021-08-30,1.0769,1.0716147829940683
2021-08-31,1.0801,1.0782713569469742
2021-09-01,1.0848,1.077764214917018
2021-09-02,1.0875,1.0845035710261561
2021-09-03,1.0915,1.0836130245041227
2021-09-06,1.0937,1.0891314192617536
2021-09-07,1.0962,1.0973116759125283
2021-09-08,1.1106,1.1082482796294228
2021-09-09,1.1104,1.1052021811481874
2021-09-10,1.1027,1.0978389038348442
2021-09-13,1.1124,1.1020561657482943
2021-09-14,1.1031,1.0939512842604153
2021-09-15,1.1097,1.1012815306216657
2021-09-16,1.107,1.1025441904832347
2021-09-17,1.1012,1.0901281513052574
2021-09-22,1.0977999999999999,1.0854336531748436
2021-09-23,1.1117,1.095978726875894
2021-09-24,1.0917,1.0761146202459075
2021-09-27,1.0719,1.0555086504055553
2021-09-28,1.0749,1.0552639662295509
2021-09-29,1.0686,1.0479148299172107
2021-09-30,1.0796000000000001,1.0575613558137624
2021-10-08,1.0926,1.082830915121336
2021-10-11,1.0869,1.0787677316836066
2021-10-12,1.0788,1.0685316924470774
2021-10-13,1.0793,1.072453435988526
2021-10-14,1.0792,1.0694483321140849
2021-10-15,1.0661,1.0562546568035254
2021-10-18,1.0659,1.0606552449405269
2021-10-19,1.0779,1.0575158553939146
2021-10-20,1.0689,1.0480650207652484
2021-10-21,1.0645,1.0416645861439244
2021-10-22,1.0605,1.0359035908055427
2021-10-25,1.0577,1.0330299165804826
2021-10-26,1.054,1.0239317752971044
2021-10-27,1.0419,1.005277339240015
2021-10-28,1.0409,0.9988230378522029
2021-10-29,1.0506,1.015861355816115
2021-11-01,1.0544,1.0362931208264758
2021-11-02,1.0462,1.0249194689882797
2021-11-03,1.0484,1.0400769839581145
2021-11-04,1.0533,1.0416634388796209
2021-11-05,1.0534,1.0379204660213868
2021-11-08,1.0682,1.0457695604118733
2021-11-09,1.0863,1.0498598638372196
2021-11-10,1.0864,1.0533520595424488
2021-11-11,1.0906,1.0620272311651664
2021-11-12,1.0998,1.0658756050020401
2021-11-15,1.1051,1.0749964061031452
2021-11-16,1.0991,1.0741340154909156
2021-11-17,1.1128,1.0850989339309682
2021-11-18,1.112,1.0749097546523811
2021-11-19,1.1138,1.083778410894716
2021-11-22,1.1091,1.079408952787208
2021-11-23,1.1113,1.081358060317763
2021-11-24,1.1092,1.0850107108861502
2021-11-25,1.1161,1.0888586958417352
2021-11-26,1.1126,1.084337026131394
2021-11-29,1.1026,1.0727797163620554
2021-11-30,1.1142,1.087870818139238
2021-12-01,1.1256,1.0974566219588768
2021-12-02,1.1195,1.0913843256494513
2021-12-03,1.1221,1.0954319994682007
2021-12-06,1.1157,1.0791934637181224
2021-12-07,1.1166,1.0754892341599296
2021-12-08,1.1198,1.0809317230929791
2021-12-09,1.1221,1.0874109197585355
2021-12-10,1.1277,1.1016596333992095
2021-12-13,1.1317,1.1161362368303056
2021-12-14,1.1551,1.1208623791873094
2021-12-15,1.1636,1.1250742564518341
2021-12-16,1.1648,1.1473281640515358
2021-12-17,1.1619,1.159951411340538
2021-12-20,1.162,1.1572145853798403
2021-12-21,1.1654,1.1747369529414735
2021-12-22,1.1755,1.168107100144172
2021-12-23,1.165,1.1548334003483964
2021-12-24,1.1475,1.1588024752402042
2021-12-27,1.1578,1.15883533138254
2021-12-28,1.1562999999999999,1.180978215040383
2021-12-29,1.1788,1.189352766266979
2021-12-30,1.2021,1.1915883042393116
2021-12-31,1.1954,1.191398251577137
2022-01-04,1.2036,1.2148149145074951
2022-01-05,1.2107,1.2049070027568491
2022-01-06,1.2123,1.2178576242919064
2022-01-07,1.194,1.1995292751557567
2022-01-10,1.2001,1.2064784785996114
2022-01-11,1.2038,1.2138383373467316
2022-01-12,1.2189,1.2416980297151148
2022-01-13,1.2196,1.2460870471180796
2022-01-14,1.2036,1.2199103266882634
2022-01-17,1.213,1.2269001978210885
2022-01-18,1.1995,1.1965308187612045
2022-01-19,1.2184,1.2127046557306855
2022-01-20,1.1938,1.1833243095625476
2022-01-21,1.2029,1.1942613633339119
2022-01-24,1.1838,1.1815876403053076
2022-01-25,1.1825,1.153016327285863
2022-01-26,1.2006999999999999,1.1650558258984685
2022-01-27,1.179,1.1478216983132212
2022-01-28,1.1753,1.1661354405862476
2022-02-07,1.1768,1.1699013075089122
2022-02-08,1.1926999999999999,1.191900471454697
2022-02-09,1.1958,1.1894592708435106
2022-02-10,1.2003,1.1893826352648584
2022-02-11,1.1835,1.1712983778521326
2022-02-14,1.2012,1.2022584511070098
2022-02-15,1.1995,1.2167556566472972
2022-02-16,1.2273,1.2404877302291806
2022-02-17,1.2197,1.238076744411678
2022-02-18,1.2263,1.2434391806425695
2022-02-21,1.2316,1.249959990596365
2022-02-22,1.2218,1.2444983110737209
2022-02-23,1.222,1.246469650341456
2022-02-24,1.2053,1.2273716131140968
2022-02-25,1.2111,1.244908728243941
2022-02-28,1.2043,1.246554951088224
2022-03-01,1.2186,1.2574045891698602
2022-03-02,1.2238,1.2730955940459436
2022-03-03,1.2241,1.2719912633834751
2022-03-04,1.217,1.2651176137275306
2022-03-07,1.2309,1.2590826822529082
2022-03-08,1.2066,1.2334461707802806
2022-03-09,1.2024,1.2205183544492932
2022-03-10,1.2125,1.2415291206963706
2022-03-11,1.2179,1.2587260453653424
2022-03-14,1.1974,1.2349263897442433
2022-03-15,1.1682000000000001,1.1959350234530217
2022-03-16,1.1832,1.2335412662986625
2022-03-17,1.1897,1.2341711173391259
2022-03-18,1.2096,1.2632602121577852
2022-03-21,1.2264,1.2758599292994572
2022-03-22,1.2429000000000001,1.2722078871480722
2022-03-23,1.2277,1.2680862440245113
2022-03-24,1.2206,1.2636095327447538
2022-03-25,1.2239,1.283013190964842
2022-03-28,1.2238,1.282879306525524
2022-03-29,1.2187000000000001,1.2728127277664267
2022-03-30,1.2174,1.2714128940060756
2022-03-31,1.2283,1.2805166808630042
2022-04-01,1.2201,1.275455230466262
2022-04-06,1.2201,1.275455230466262
2022-04-07,1.2201,1.275455230466262
2022-04-08,1.2203,1.275455230466262
2022-04-11,1.2203,1.275455230466262
2022-04-12,1.2203,1.275455230466262
2022-04-13,1.2202,1.275455230466262
2022-04-14,1.2204,1.275455230466262
2022-04-15,1.2202,1.275455230466262
2022-04-18,1.22,1.275455230466262
2022-04-19,1.2199,1.275455230466262
2022-04-20,1.2198,1.275455230466262
2022-04-21,1.22,1.275455230466262
2022-04-22,1.2199,1.275455230466262
2022-04-25,1.2201,1.275455230466262
2022-04-26,1.2202,1.275455230466262
2022-04-27,1.2202,1.275455230466262
2022-04-28,1.2202,1.275455230466262
2022-04-29,1.2202,1.275455230466262
2022-05-05,1.2201,1.275455230466262
2022-05-06,1.2117,1.275455230466262
2022-05-09,1.2281,1.275455230466262
2022-05-10,1.2526,1.3011096899089896
2022-05-11,1.263,1.2979388256557713
2022-05-12,1.2892000000000001,1.306218563306627
2022-05-13,1.3136,1.3212760802788102
2022-05-16,1.3336000000000001,1.323348481234505
2022-05-17,1.3533,1.31353758039625
2022-05-18,1.3622999999999998,1.3274866570082935
2022-05-19,1.3622,1.337893122416703
2022-05-20,1.3663,1.335677187081872
2022-05-23,1.3729,1.3446941929731553
2022-05-24,1.352,1.3088917276617555
2022-05-25,1.3693,1.331542600009409
2022-05-26,1.3758,1.3415780465769707
2022-05-27,1.3916,1.340344301816928
2022-05-30,1.4031,1.3475405037366928
2022-05-31,1.4087,1.3513645262803307
2022-06-01,1.4113,1.367172338170939
2022-06-02,1.4169,1.3776518979080028
2022-06-06,1.4219,1.3992625864601969
2022-06-07,1.4157,1.3843873527532784
2022-06-08,1.4129,1.3852482092907608
2022-06-09,1.4021,1.3649666642639335
2022-06-10,1.4125999999999999,1.3737987320664027
2022-06-13,1.4151,1.377857233144362
2022-06-14,1.4095,1.3717939388220894
2022-06-15,1.4027,1.3675887433548706
2022-06-16,1.4102000000000001,1.3802546064137866
2022-06-17,1.4046,1.3672826067100918
2022-06-20,1.4222,1.3811703935554112
2022-06-21,1.4184,1.3803285629269633
2022-06-22,1.4149,1.3686766034426685
2022-06-23,1.4394,1.377173969472633
2022-06-24,1.4363000000000001,1.3825116839628018
2022-06-27,1.4321,1.3797273435778292
2022-06-28,1.4575,1.4045311643938834
2022-06-29,1.4284000000000001,1.3862002651515033
2022-06-30,1.4304999999999999,1.3854852773103625
2022-07-01,1.4331,1.3847239073564845
2022-07-04,1.4354,1.3923187028126538
2022-07-05,1.4259,1.3731435792750475
2022-07-06,1.4137,1.3608227524693333
2022-07-07,1.4143,1.3633714606512612
2022-07-08,1.425,1.3738121701240262
2022-07-11,1.4341,1.3805045170438592
2022-07-12,1.4264999999999999,1.3684405453766568
2022-07-13,1.4385,1.3852094034611702
2022-07-14,1.4393,1.3846706602348215
2022-07-15,1.418,1.3578556024864608
2022-07-18,1.4509,1.3903437799226621
2022-07-19,1.4843,1.4039012309642556
2022-07-20,1.5159,1.4078765826210315
2022-07-21,1.487,1.406336388223793
2022-07-22,1.4961,1.4188813157446274
2022-07-25,1.502,1.4240263300936187
2022-07-26,1.5256,1.432274576765473
2022-07-27,1.5359,1.4367351507958188
2022-07-28,1.5424,1.4339944786416023
2022-07-29,1.5379999999999998,1.4394356753603919
2022-08-01,1.5586,1.4421364715268503
2022-08-02,1.5332,1.4040406841215545
2022-08-03,1.5358,1.4101598049514008
2022-08-04,1.5529,1.4300255469932162
2022-08-05,1.5535,1.4268454677675997
2022-08-08,1.5688,1.4470685685133722
2022-08-09,1.5829,1.4520457709554269
2022-08-10,1.6093,1.4827585340794798
2022-08-11,1.6337,1.5037474525598036
2022-08-12,1.6806999999999999,1.5255847576891555
2022-08-15,1.661,1.500841669210114
2022-08-16,1.6667,1.5148570188013784
2022-08-17,1.6497,1.5100423758271098
2022-08-18,1.6401,1.5161624010332546
2022-08-19,1.6572,1.4996848366345716
2022-08-22,1.6676000000000002,1.5014748275356387
2022-08-23,1.6643000000000001,1.4991893650492358
2022-08-24,1.6438,1.4698038860273195
2022-08-25,1.6574,1.468854806985731
2022-08-26,1.6482999999999999,1.4680899837279582
2022-08-29,1.6594,1.4780397629563313
2022-08-30,1.6636,1.4894842947280602
2022-08-31,1.6479,1.4794824588952515
2022-09-01,1.658,1.4939380051266204
2022-09-02,1.6694,1.5112420147689711
2022-09-05,1.6735,1.513682492826878
2022-09-06,1.6772,1.5143583841055355
2022-09-07,1.6678000000000002,1.513615312277702
2022-09-08,1.6634,1.5146058518467067
2022-09-09,1.6731,1.4964676303551006
2022-09-13,1.6842000000000001,1.5142270759146914
2022-09-14,1.6785,1.510244888084728
2022-09-15,1.6534,1.497132253538938
2022-09-16,1.6275,1.4571232199249982
2022-09-19,1.6215,1.452443146478465
2022-09-20,1.6273,1.4734449351411938
2022-09-21,1.643,1.4869851053639438
2022-09-22,1.6360999999999999,1.4954944121668514
2022-09-23,1.6315,1.4737009642710295
2022-09-26,1.6122999999999998,1.445452109952644
2022-09-27,1.6426,1.4750757322014676
2022-09-28,1.6478000000000002,1.458493193723567
2022-09-29,1.6305,1.4499047100350746
2022-09-30,1.6164,1.4437341881072259
2022-10-10,1.6181,1.4203190804549242
2022-10-11,1.6131,1.4320930194713972
2022-10-12,1.6327,1.4601803655727643
2022-10-13,1.6398,1.4862146436339485
2022-10-14,1.6461999999999999,1.494744233376163
2022-10-17,1.6625,1.5190930547333148
2022-10-18,1.6627,1.5155783659702062
2022-10-19,1.665,1.5138407751169536
2022-10-20,1.6604,1.5122862288788572
2022-10-21,1.676,1.5253584466631116
2022-10-24,1.6532,1.5038345224769472
2022-10-25,1.6512,1.4893603773713473
2022-10-26,1.6661000000000001,1.5108909343154457
2022-10-27,1.6682,1.5270240507444457
2022-10-28,1.6398,1.4898721122956164
2022-10-31,1.6484,1.5132716250064602
2022-11-01,1.6644,1.555330927103875
2022-11-02,1.6747,1.5847214780232732
2022-11-03,1.6857,1.6192927090842713
2022-11-04,1.6836,1.6536845280417714
2022-11-07,1.7155,1.6763526932379167
2022-11-08,1.7191,1.6781532151170528
2022-11-09,1.7195,1.678818681472062
2022-11-10,1.7198,1.6760953970853454
2022-11-11,1.7231,1.6824300755403785
2022-11-14,1.7219,1.6825697453199793
2022-11-15,1.7271,1.689063380175739
2022-11-16,1.7254999999999998,1.695303269208509
2022-11-17,1.7309999999999999,1.7057923693701864
2022-11-18,1.7498,1.7092330079179816
2022-11-21,1.7532,1.7033853691319076
2022-11-22,1.7502,1.7021794206356542
2022-11-23,1.7327,1.6841603318511413
2022-11-24,1.7503,1.7218045239146356
2022-11-25,1.738,1.7107168263127683
2022-11-28,1.7351999999999999,1.7301997802788947
2022-11-29,1.7498999999999998,1.7636804759505973
2022-11-30,1.7469999999999999,1.7664757455811533
2022-12-01,1.7534999999999998,1.771715384725377
2022-12-02,1.7591,1.8085905523569392
2022-12-05,1.7643,1.821204194453114
2022-12-06,1.7524,1.8091914310787534
2022-12-07,1.7479,1.8194106893245785
2022-12-08,1.7530000000000001,1.817647481120623
2022-12-09,1.7543000000000002,1.8177334730206343
2022-12-12,1.7493,1.805632803200739
2022-12-13,1.7576,1.8161736546360678
2022-12-14,1.7693,1.8269949472494895
2022-12-15,1.7665000000000002,1.8313874605475127
2022-12-16,1.7493,1.8215423795707468
2022-12-19,1.7147000000000001,1.7924403524611106
2022-12-20,1.7202,1.7855190126062095
2022-12-21,1.7221,1.780112806436445
2022-12-22,1.7034,1.76537449995238
2022-12-23,1.7019,1.7795255520641962
2022-12-26,1.7071999999999998,1.7771979453630344
2022-12-27,1.7105000000000001,1.771132447066617
2022-12-28,1.6974,1.7404948429928098
2022-12-29,1.6865999999999999,1.7344421244563943
2022-12-30,1.7016,1.746838583058804
2023-01-03,1.7164000000000001,1.770089098478376
2023-01-04,1.7312,1.792088509500394
2023-01-05,1.7321,1.7973212364508089
2023-01-06,1.7327,1.7813133028956627
2023-01-09,1.7393999999999998,1.7909093997388863
2023-01-10,1.7348,1.789791724843558
2023-01-11,1.7198,1.77332946156246
2023-01-12,1.7204000000000002,1.7722385823741276
2023-01-13,1.717,1.7806039592734357
2023-01-16,1.7231999999999998,1.7922069210842264
2023-01-17,1.7338,1.7847704234793902
2023-01-18,1.7610999999999999,1.8074749061822641
2023-01-19,1.7551,1.8184386825636003
2023-01-20,1.7559999999999998,1.8188022318423358
2023-01-30,1.7737,1.8389323235023853
2023-01-31,1.7884,1.8681329048468556
2023-02-01,1.8056999999999999,1.882655617747269
2023-02-02,1.8056999999999999,1.876885465310528
2023-02-03,1.8108,1.8754332492989947
2023-02-06,1.8086,1.8772598807479
2023-02-07,1.8091,1.8858411688177572
2023-02-08,1.8127,1.877516095234489
2023-02-09,1.8186,1.8884836072933733
2023-02-10,1.8235999999999999,1.891033245934964
2023-02-13,1.8325,1.8976150599937445
2023-02-14,1.8319,1.8925407470917157
2023-02-15,1.8308,1.891045348906482
2023-02-16,1.8047,1.8661356411237666
2023-02-17,1.8107,1.8757872301280167
2023-02-20,1.8159999999999998,1.8758535868213049
2023-02-21,1.8147,1.8764708676014763
2023-02-22,1.8159999999999998,1.8792926272180253
2023-02-23,1.8126000000000002,1.875333233804251
2023-02-24,1.8142,1.8820714566426748
2023-02-27,1.8089,1.8676439245026526
2023-02-28,1.8172000000000001,1.8913796071754996
2023-03-01,1.8321999999999998,1.9008620301557784
2023-03-02,1.8288,1.9016208790075488
2023-03-03,1.834,1.891408811746803
2023-03-06,1.8296999999999999,1.8810043156725267
2023-03-07,1.835,1.8574782296700765
2023-03-08,1.8493,1.8686754996520165
2023-03-09,1.8584999999999998,1.8695407893952232
2023-03-10,1.8452,1.848933927454756
2023-03-13,1.8447,1.8476755820465767
2023-03-14,1.8235,1.8251690499588171
2023-03-15,1.8443,1.8346254709874792
2023-03-16,1.8368000000000002,1.822762106912046
2023-03-17,1.8384,1.8302847310354378
2023-03-20,1.8441,1.8257986427124429
2023-03-21,1.8701,1.8742521153240732
2023-03-22,1.8652,1.8920384575803613
2023-03-23,1.8565,1.885462860768655
2023-03-24,1.8519,1.8728340698038228
2023-03-27,1.8453,1.8666723323839467
2023-03-28,1.8356999999999999,1.8569161967210026
2023-03-29,1.8281999999999998,1.8348833101353903
2023-03-30,1.8176,1.8226778617751602
2023-03-31,1.8373,1.83855424046207
2023-04-03,1.8508,1.8377028610392425
2023-04-04,1.8508,1.8377028610392425
2023-04-06,1.8508,1.8377028610392425
2023-04-07,1.8509,1.8377028610392425
2023-04-10,1.851,1.8377028610392425
2023-04-11,1.851,1.8377028610392425
2023-04-12,1.8511,1.8377028610392425
2023-04-13,1.8511,1.8377028610392425
2023-04-14,1.8511,1.8377028610392425
2023-04-17,1.8511,1.8377028610392425
2023-04-18,1.8511,1.8377028610392425
2023-04-19,1.8512,1.8377028610392425
2023-04-20,1.8511,1.8377028610392425
2023-04-21,1.8513,1.8377028610392425
2023-04-24,1.8514,1.8377028610392425
2023-04-25,1.8514,1.8377028610392425
2023-04-26,1.8514,1.8377028610392425
2023-04-27,1.8515000000000001,1.8377028610392425
2023-04-28,1.8516,1.8377028610392425
2023-05-04,1.8518000000000001,1.8377028610392425
2023-05-05,1.8561,1.8377028610392425
2023-05-08,1.8571,1.8377028610392425
2023-05-09,1.8437000000000001,1.8245598708444914
2023-05-10,1.851,1.8359126669508556
2023-05-11,1.8645999999999998,1.8485586840051007
2023-05-12,1.8618000000000001,1.8374718948948843
2023-05-15,1.8728,1.8486138538437802
2023-05-16,1.8704,1.836397292461493
2023-05-17,1.8823,1.8608224054851779
2023-05-18,1.892,1.8668541514523846
2023-05-19,1.8926,1.8577048363373136
2023-05-22,1.8963,1.8662330715463042
2023-05-23,1.9004,1.8676888684588275
2023-05-24,1.9052,1.8634483072565182
2023-05-25,1.9072,1.8710897794434085
2023-05-26,1.9032,1.8715638460806068
2023-05-29,1.9026,1.8538646202552795
2023-05-30,1.8989,1.8672907661648883
2023-05-31,1.8935,1.8548654294461118
2023-06-01,1.8981,1.8476543260528207
2023-06-02,1.8984,1.8677830831996074
2023-06-05,1.9026999999999998,1.8813718574738416
2023-06-06,1.8927,1.8552182775624848
2023-06-07,1.9085999999999999,1.8654788808263192
2023-06-08,1.9115000000000002,1.8636668172361501
2023-06-09,1.8987,1.8426229099819467
2023-06-12,1.9028,1.8849480955922877
2023-06-13,1.9137,1.8931591977731543
2023-06-14,1.9089,1.8938398232636309
2023-06-15,1.9004,1.8835215146393591
2023-06-16,1.9014,1.8863930528261874
2023-06-19,1.8968,1.867594690486804
2023-06-20,1.8883,1.8474797569807717
2023-06-21,1.8784,1.8375468510510737
2023-06-26,1.8807,1.8487495641060718
2023-06-27,1.932,1.8941879157724482
2023-06-28,1.9266,1.8987784090151432
2023-06-29,1.9329999999999998,1.9142222706082108
2023-06-30,1.952,1.9365330319299174
2023-07-03,1.9545,1.930398358644923
2023-07-04,1.9621,1.9723638971497026
2023-07-05,1.9616,1.976261021735049
2023-07-06,1.9605000000000001,1.975212363789312
2023-07-07,1.9599,1.9709247020210952
2023-07-10,1.9594,1.9688945621469134
2023-07-11,1.9662000000000002,1.9712993769697966
2023-07-12,1.955,1.9675299832894482
2023-07-13,1.9659,1.9693001469390927
2023-07-14,1.9666000000000001,1.9716070199900315
2023-07-17,1.9825,1.9700757729303493
2023-07-18,1.983,2.005627700024597
2023-07-19,1.9893999999999998,2.0052054776716086
2023-07-20,1.9846,1.9873190314655664
2023-07-21,1.9923000000000002,1.9817058626106137
2023-07-24,2.0,1.9905249304044805
2023-07-25,2.0256,2.018814040994031
2023-07-26,2.0377,2.0184922585419356
2023-07-27,2.0231000000000003,2.0113989619109085
2023-07-28,2.0233,2.0196898274365456
2023-07-31,2.0372,2.016120358327755
2023-08-01,2.0279,2.009010924206587
2023-08-02,2.0295,2.0103563548618544
2023-08-03,2.0195,1.9989398215455698
2023-08-04,2.0090000000000003,1.9870908595338568
2023-08-07,2.0073999999999996,1.9752133344215754
2023-08-08,2.0097,1.9931027721930192
2023-08-09,1.9881,1.9720763068133491
2023-08-10,1.9986000000000002,1.9801266666212127
2023-08-11,1.9830999999999999,1.974029911225141
2023-08-14,1.9912,1.9804813942802575
2023-08-15,1.9886,1.9835076634790492
2023-08-16,1.9893999999999998,1.9757577138387032
2023-08-17,2.0015,2.026434048979665
2023-08-18,1.9945,2.00519903845779
2023-08-21,2.0027,1.993486664854341
2023-08-22,1.9949,1.968488907693855
2023-08-23,2.0097,1.9826164959633985
2023-08-24,2.0037000000000003,1.9743095388252887
2023-08-25,1.9968,1.9363023612253916
2023-08-28,2.0045,1.950059816680575
2023-08-29,2.0346,2.0071124691343663
2023-08-30,2.0380000000000003,2.016271266234587
2023-08-31,2.0417,2.0218343882966914
2023-09-01,2.0461,2.028091513344741
2023-09-04,2.0786,2.072303157566943
2023-09-05,2.0692,2.031615007033189
2023-09-06,2.0769,2.0295813884672085
2023-09-07,2.0652,2.0201670853500455
2023-09-08,2.0793,1.991805492342654
2023-09-11,2.0765000000000002,1.9994977789805708
2023-09-12,2.0728,1.9821758186005725
2023-09-13,2.0656,1.975166487066333
2023-09-14,2.068,1.9688916055944266
2023-09-15,2.0587,1.975117540612084
2023-09-18,2.0751999999999997,2.0078028463368334
2023-09-19,2.0756,1.9866706160555092
2023-09-20,2.0651,1.9794651793990063
2023-09-21,2.0751999999999997,1.9729626381889618
2023-09-22,2.1146000000000003,1.9895962487385412
2023-09-25,2.1345,1.9914726592341319
2023-09-26,2.1186,1.9857227086879696
2023-09-27,2.1026,1.9966617905654453
2023-09-28,2.1155999999999997,2.019102720715137
2023-10-09,2.1139,1.994021318105594
2023-10-10,2.1062000000000003,1.9907119747213635
2023-10-11,2.1036,1.9894556419886609
2023-10-12,2.0968,1.988014385599274
2023-10-13,2.0797,1.9592998379116116
2023-10-16,2.0893,1.9677165913732737
2023-10-17,2.0934999999999997,1.9836235630590149
2023-10-18,2.0742000000000003,1.9567257987700826
2023-10-19,2.0776000000000003,1.9530325783634914
2023-10-20,2.0746,1.954973217963851
2023-10-23,2.0551000000000004,1.9278431938144611
2023-10-24,2.0928,1.9736405079690569
2023-10-25,2.1218000000000004,1.9932985745936247
2023-10-26,2.1174999999999997,1.9931054505915935
2023-10-27,2.12,1.9951469195525453
2023-10-30,2.1295,2.0085279536021168
2023-10-31,2.1384,2.004930436318987
2023-11-01,2.1529,2.0182118014725305
2023-11-02,2.1482,2.04075640749612
2023-11-03,2.145,2.0678927800560025
2023-11-06,2.1624,2.1063093537441087
2023-11-07,2.1624,2.156281229501646
2023-11-08,2.1597,2.215429443994162
2023-11-09,2.1597999999999997,2.1468930491578577
2023-11-10,2.1632,2.113571627421522
2023-11-13,2.1765999999999996,2.1077811169927974
2023-11-14,2.1728,2.098630734204646
2023-11-15,2.1736,2.0987290669434135
2023-11-16,2.1736,2.0925243249714525
2023-11-17,2.1824,2.1006246289788657
2023-11-20,2.1905,2.136905128721022
2023-11-21,2.1896,2.165183403702087
2023-11-22,2.1856999999999998,2.1625210411700704
2023-11-23,2.1917999999999997,2.166876737440053
2023-11-24,2.1768,2.1617303689043426
2023-11-27,2.1839,2.146129379684734
2023-11-28,2.1913,2.1707302913927764
2023-11-29,2.1943,2.1692157300414046
2023-11-30,2.1894,2.157450300382176
2023-12-01,2.1883,2.1839496162929493
2023-12-04,2.2089,2.210465312537002
2023-12-05,2.194,2.2222141390068035
2023-12-06,2.2178,2.223298514561759
2023-12-07,2.2065,2.221690556879697
2023-12-08,2.1631,2.186952362084837
2023-12-11,2.1742,2.1887963343554775
2023-12-12,2.1969000000000003,2.2177402000563653
2023-12-13,2.1997,2.2106113837322816
2023-12-14,2.2131,2.213208049386334
2023-12-15,2.2149,2.2212512032133054
2023-12-18,2.2119,2.204633457830969
2023-12-19,2.2350000000000003,2.223141233135897
2023-12-20,2.2199,2.206346381926797
2023-12-21,2.2316000000000003,2.228933830686106
2023-12-22,2.2092,2.182555548238152
2023-12-25,2.1904000000000003,2.161774072006414
2023-12-26,2.1917999999999997,2.137244059440935
2023-12-27,2.2003,2.15952728986033
2023-12-28,2.2015000000000002,2.170598313368966
2023-12-29,2.2266,2.203148561578332
2024-01-02,2.2527,2.2436302700968844
2024-01-03,2.2451,2.2369253650757677
2024-01-04,2.2441,2.246549741195937
2024-01-05,2.229,2.2498908878739865
2024-01-08,2.2237999999999998,2.2431959571466678
2024-01-09,2.2325,2.251137318631818
2024-01-10,2.2137000000000002,2.229603748896683
2024-01-11,2.2298,2.245936425194825
2024-01-12,2.2199999999999998,2.2284743899606734
2024-01-15,2.2247,2.2418060501202306
2024-01-16,2.2137000000000002,2.235594754974611
2024-01-17,2.1906,2.2056156861784966
2024-01-18,2.1641,2.1658438410224092
2024-01-19,2.1574999999999998,2.161065634587
2024-01-22,2.1193999999999997,2.0658580378814557
2024-01-23,2.1125,2.0505938218914754
2024-01-24,2.1309,2.0650112984869566
2024-01-25,2.1651,2.087993239252954
2024-01-26,2.182,2.096444373428563
2024-01-29,2.1417,2.0739539542013112
2024-01-30,2.1056,2.0166582986425627
2024-01-31,2.0479000000000003,1.9295774734339683
2024-02-01,1.9902,1.9195786412740075
2024-02-02,1.9902,1.9195786412740075
2024-02-05,1.9904000000000002,1.9195786412740075
2024-02-06,2.0323,1.9040669380218649
2024-02-07,1.9663,1.7906145958338566
2024-02-08,2.0202999999999998,1.7790113367363496
2024-02-19,2.0473,1.7859113367363497
2024-02-20,2.0711,1.8252984111670794
2024-02-21,2.1129,1.864057764388829
2024-02-22,2.1734999999999998,1.9244794246732926
2024-02-23,2.255,1.96785046650529
2024-02-26,2.2712000000000003,2.0050980351374017
2024-02-27,2.3122999999999996,2.0314579080742408
2024-02-28,2.1971,1.9324005370144517
2024-02-29,2.2051,1.935029874831601
2024-03-01,2.2041,1.9390739080846415
2024-03-04,2.2043999999999997,1.9432611456147515
2024-03-05,2.1818,1.942959026456441
2024-03-06,2.2089,1.9958013689795957
2024-03-07,2.2183,2.0270328131048694
2024-03-08,2.2456,2.06598003768283
2024-03-11,2.2995,2.119681509636928
2024-03-12,2.3230000000000004,2.175510817743779
2024-03-13,2.3204000000000002,2.22592091862503
2024-03-14,2.3243,2.2758449173770092
2024-03-15,2.3446,2.354650949783016
2024-03-18,2.3681,2.42409341201181
2024-03-19,2.3775,2.4885852098387833
2024-03-20,2.4389,2.5791711560485697
2024-03-21,2.4345,2.651506010233287
2024-03-22,2.4177,2.6220190534577195
2024-03-25,2.3912,2.6158923035885784
2024-03-26,2.3981000000000003,2.6187533993738867
2024-03-27,2.3799,2.568763489271966
2024-03-28,2.3933,2.6025304662881887
2024-03-29,2.4151,2.6318840737703315
2024-04-01,2.4419,2.6419031302047467
2024-04-02,2.4417999999999997,2.6419031302047467
2024-04-03,2.4424,2.6419031302047467
2024-04-08,2.4425,2.6419031302047467
2024-04-09,2.4428,2.6419031302047467
2024-04-10,2.4425999999999997,2.6419031302047467
2024-04-11,2.4425,2.6419031302047467
2024-04-12,2.443,2.6419031302047467
2024-04-15,2.4432,2.6419031302047467
2024-04-16,2.4432,2.6419031302047467
2024-04-17,2.4433,2.6419031302047467
2024-04-18,2.4433,2.6419031302047467
2024-04-19,2.4433,2.6419031302047467
2024-04-22,2.4433,2.6419031302047467
2024-04-23,2.4436,2.6419031302047467
2024-04-24,2.4425,2.6419031302047467
2024-04-25,2.4425999999999997,2.6419031302047467
2024-04-26,2.442,2.6419031302047467
2024-04-29,2.4408000000000003,2.6419031302047467
2024-04-30,2.4417,2.6419031302047467
2024-05-06,2.4419,2.6419031302047467
2024-05-07,2.4561,2.649644825054479
2024-05-08,2.4241,2.6319594570287106
2024-05-09,2.4455999999999998,2.6412783418710815
2024-05-10,2.441,2.636457070254391
2024-05-13,2.3903,2.596887281002983
2024-05-14,2.4386,2.617873811029813
2024-05-15,2.4931,2.6457098370709935
2024-05-16,2.5381,2.6879284864047235
2024-05-17,2.5412,2.7013375708670098
2024-05-20,2.5302,2.666667334348781
2024-05-21,2.5157,2.6469113218793185
2024-05-22,2.5289,2.6710520692026534
2024-05-23,2.4843,2.6025517533950198
2024-05-24,2.4804,2.6069743028909413
2024-05-27,2.5025,2.6299462396520514
2024-05-28,2.4819,2.5887578848826442
2024-05-29,2.5421,2.6668727999525372
2024-05-30,2.4679,2.588044743765914
2024-05-31,2.4752,2.610930316224579
2024-06-03,2.4572000000000003,2.5501651800332015
2024-06-04,2.4434,2.557130184662987
2024-06-05,2.4345,2.575570200182123
2024-06-06,2.4127,2.553210200182123
2024-06-07,2.4179,2.5595355101821227
2024-06-11,2.438,2.586532851978916
2024-06-12,2.4778000000000002,2.660933041843349
2024-06-13,2.4524,2.644570708030171
2024-06-14,2.4854,2.672182398796399
2024-06-17,2.4869,2.671730592435569
2024-06-18,2.4833,2.6938861635126172
2024-06-19,2.4924,2.7010943053992342
2024-06-20,2.4539999999999997,2.656851686850667
2024-06-21,2.4463999999999997,2.654010469524828
2024-06-24,2.3959,2.570794402183807
2024-06-25,2.3975,2.5929330469491894
2024-06-26,2.4299,2.648746657106199
2024-06-27,2.4203,2.625501403105979
2024-06-28,2.4128,2.6221161980754526
2024-07-01,2.4111000000000002,2.6465103783049133
2024-07-02,2.4247,2.68707121518573
2024-07-03,2.4298,2.6828294363552234
2024-07-04,2.362,2.599282640774515
2024-07-05,2.4164,2.636124959693273
2024-07-08,2.4018,2.5624512031017432
2024-07-09,2.3785,2.536412964032554
2024-07-10,2.3544,2.4852426604696767
2024-07-11,2.4006,2.5238262099644593
2024-07-12,2.4152,2.5315262099644595
2024-07-15,2.3927,2.512650743187963
2024-07-16,2.396,2.4899299441588583
2024-07-17,2.3768000000000002,2.475020512527886
2024-07-18,2.3701,2.4735693826541905
2024-07-19,2.3829000000000002,2.494920891440571
2024-07-22,2.4048,2.543413530100649
2024-07-23,2.3937999999999997,2.557021296170799
2024-07-24,2.3628,2.5546070273590997
2024-07-25,2.3587,2.5374775563141445
2024-07-26,2.359,2.543054971200268
2024-07-29,2.3609999999999998,2.589812930345607
2024-07-30,2.3796,2.647716562259527
2024-07-31,2.4212,2.679051288678781
2024-08-01,2.4295,2.7005952883497946
2024-08-02,2.4257,2.7001918854369595
2024-08-05,2.4372,2.6694341572061844
2024-08-06,2.5011,2.745496340702634
2024-08-07,2.5437000000000003,2.785404577831187
2024-08-08,2.5895,2.8438752113924517
2024-08-09,2.5502000000000002,2.801471745046135
2024-08-12,2.5342,2.7821854176285736
2024-08-13,2.5503,2.8012581836128736
2024-08-14,2.5406,2.792566420741427
2024-08-15,2.5555000000000003,2.8103344007059348
2024-08-16,2.5396,2.7849984700390884
2024-08-19,2.5285,2.7750773934311512
2024-08-20,2.4968000000000004,2.725183696445607
2024-08-21,2.4986,2.719565096663758
2024-08-22,2.4737,2.6931916303174406
2024-08-23,2.4513999999999996,2.671612071253507
2024-08-26,2.4808000000000003,2.70348515382034
2024-08-27,2.4652000000000003,2.6779821298703808
2024-08-28,2.4818,2.715400269468033
2024-08-29,2.4949000000000003,2.7214487745175204
2024-08-30,2.5131,2.753619320813448
2024-09-02,2.4968000000000004,2.7274883947267
2024-09-03,2.4908,2.7331895363137217
2024-09-04,2.463,2.720132376946712
2024-09-05,2.487,2.74303778051752
2024-09-06,2.4658,2.717938660689225
2024-09-09,2.492,2.711083967882739
2024-09-10,2.5395,2.745956988224217
2024-09-11,2.5080999999999998,2.706200768891162
2024-09-12,2.4987000000000004,2.7173417753712856
2024-09-13,2.4837,2.698912085034293
2024-09-18,2.4604,2.6851022096321517
2024-09-19,2.5065,2.748546391400411
2024-09-20,2.4951,2.7265702807469236
2024-09-23,2.5008,2.736891751092888
2024-09-24,2.5368000000000004,2.7916137242972034
2024-09-25,2.561,2.8173482949969872
2024-09-26,2.5951,2.8517745433520236
2024-09-27,2.6467,2.9103124108842144
2024-09-30,2.7519,3.0614264262360127
2024-10-08,2.8209999999999997,3.248894109704414
2024-10-09,2.6978999999999997,3.248894109704414
2024-10-10,2.7106000000000003,3.248894109704414
2024-10-11,2.7105,3.248894109704414
2024-10-14,2.7105,3.248894109704414
2024-10-15,2.6883,3.268137779477917
2024-10-16,2.6991,3.3044374311601774
2024-10-17,2.6883,3.307051532025561
2024-10-18,2.7066999999999997,3.329134732306543
2024-10-21,2.7365000000000004,3.3287902583293505
2024-10-22,2.7687,3.36582262842651
2024-10-23,2.7655000000000003,3.4060612461959163
2024-10-24,2.7837,3.404204679787655
2024-10-25,2.8394,3.52170687947681
2024-10-28,2.9019,3.6436291307217705
2024-10-29,2.9206000000000003,3.652885220672586
2024-10-30,2.9221000000000004,3.6936855756855
2024-10-31,2.9463999999999997,3.773307410039103
2024-11-01,2.9123,3.636887004414622
2024-11-04,2.9606000000000003,3.595232237423309
2024-11-05,2.9576000000000002,3.6160348378859624
2024-11-06,2.9667,3.6429845953710647
2024-11-07,2.9956,3.701586156263128
2024-11-08,2.9886,3.670548116662211
2024-11-11,3.0238,3.7184637179574778
2024-11-12,3.0324,3.706289987004674
2024-11-13,3.0545,3.732399358480835
2024-11-14,3.0000999999999998,3.679285334476623
2024-11-15,2.9934000000000003,3.6506733719849445
2024-11-18,2.9596,3.6097015189748958
2024-11-19,2.9872,3.644488222214917
2024-11-20,3.0384,3.7184945333597414
2024-11-21,3.0549,3.745190857266438
2024-11-22,3.016,3.645566595826034
2024-11-25,3.0422,3.7272045877450832
2024-11-26,3.0368,3.7436086161326885
2024-11-27,3.0467,3.764576211695231
2024-11-28,3.0669,3.814310522840801
2024-11-29,3.0921000000000003,3.8863255750251073
2024-12-02,3.1172999999999997,3.9669141061240034
2024-12-03,3.1250999999999998,4.013243447840037
2024-12-04,3.0898,4.019691877898816
2024-12-05,3.122,4.040262993604063
2024-12-06,3.133,4.040786501987589
2024-12-09,3.1451,4.046768005841778
2024-12-10,3.155,4.037214451611243
2024-12-11,3.1782,4.0754508822574955
2024-12-12,3.2491,4.164565209024015
2024-12-13,3.2472,4.142216612093744
2024-12-16,3.2466,4.225212424632346
2024-12-17,3.161,4.032918597320871
2024-12-18,3.1884,4.008631646039809
2024-12-19,3.2081,4.013921016043777
2024-12-20,3.1794,4.054316919626061
2024-12-23,3.0481,3.9946528815056688
2024-12-24,3.0587999999999997,3.9496045724343367
2024-12-25,3.0132,3.8687892305137055
2024-12-26,3.0318,3.926130479934149
2024-12-27,3.0631,3.955688517642454
2024-12-30,3.0242,3.918231713053251
2024-12-31,2.9968000000000004,3.8612357644342103
2025-01-02,2.9707,3.886137537305808
2025-01-03,2.9116999999999997,3.736773457608321
2025-01-06,2.9043,3.7381674303671275
2025-01-07,2.9611,3.8545661425916435
2025-01-08,2.9701,3.861899571178764
2025-01-09,2.9732,3.8826265363729267
2025-01-10,2.9002,3.7520424132029335
2025-01-13,2.9139,3.766577031404782
2025-01-14,2.9882,3.9159737180688095
2025-01-15,2.9909999999999997,3.9434159819768415
2025-01-16,3.0105,3.9554190479141016
2025-01-17,3.0049,3.909498464582731
2025-01-20,3.0499,3.969446239058657
2025-01-21,3.0321000000000002,3.9182017299099
2025-01-22,3.0181999999999998,3.8689293966367364
2025-01-23,3.0139,3.8812429960200716
2025-01-24,3.0136000000000003,3.930004863618135
2025-01-27,3.0136000000000003,3.9337246500772687
2025-02-05,3.05,3.9842100505481217
2025-02-06,3.0606,4.00986489787556
2025-02-07,3.0945,4.00182017892745
2025-02-10,3.1372999999999998,4.041575747403733
2025-02-11,3.1134,4.036840270651489
2025-02-12,3.1164,4.037424359214966
2025-02-13,3.0983,4.0034919054166265
2025-02-14,3.0972999999999997,3.990068668105812
2025-02-17,3.126,4.052836173789911
2025-02-18,3.101,3.993408873044995
2025-02-19,3.1278,4.016476242981322
2025-02-20,3.135,4.045849499727261
2025-02-21,3.1267,4.014442831377961
2025-02-24,3.1509,4.033313328044901
2025-02-25,3.1307,4.017106067085885
2025-02-26,3.1467,4.049326541410168
2025-02-27,3.1322,4.068039081443199
2025-02-28,3.1098,4.030586582793867
2025-03-03,3.123,4.0404803479398215
2025-03-04,3.1626,4.075214392721444
2025-03-05,3.1655,4.04446841676321
2025-03-06,3.1672,4.104039201427308
2025-03-07,3.1551,4.060878676917115
2025-03-10,3.1962,4.094451334473552
2025-03-11,3.2178,4.109235237275341
2025-03-12,3.2441,4.112480399989593
2025-03-13,3.2342,4.082085305945188
2025-03-14,3.2457,4.1181160868035125
2025-03-17,3.2612,4.181035761915671
2025-03-18,3.2632,4.225661858090204
2025-03-19,3.246,4.195844879741785
2025-03-20,3.2544999999999997,4.193978697228778
2025-03-21,3.2536,4.164225553736286
2025-03-24,3.1692,4.0923610241493105
2025-03-25,3.1544,4.141715541743473
2025-03-26,3.1973,4.256659053618267
2025-03-27,3.1790000000000003,4.242340672079787
2025-03-28,3.1353,4.234935493329915
2025-03-31,3.1177,4.167219545774184
2025-04-01,3.1519999999999997,4.166786231718537
2025-04-02,3.1523,4.166786231718537
2025-04-03,3.154,4.166786231718537
2025-04-07,3.1557,4.166786231718537
2025-04-08,3.1549,4.166786231718537
2025-04-09,3.1551,4.166786231718537
2025-04-10,3.1551,4.166786231718537
2025-04-11,3.1551,4.166786231718537
2025-04-14,3.1551,4.166786231718537
2025-04-15,3.1553,4.166786231718537
2025-04-16,3.1557,4.166786231718537
2025-04-17,3.1556,4.166786231718537
2025-04-18,3.1553999999999998,4.166786231718537
2025-04-21,3.1551,4.166786231718537
2025-04-22,3.1553999999999998,4.166786231718537
2025-04-23,3.1551,4.166786231718537
2025-04-24,3.155,4.166786231718537
2025-04-25,3.1551,4.166786231718537
2025-04-28,3.1553,4.166786231718537
2025-04-29,3.1559,4.166786231718537
2025-04-30,3.156,4.166786231718537
2025-05-06,3.1559,4.240723037259085
2025-05-07,3.1336,4.247780026738239
2025-05-08,3.1557,4.290784993484128
2025-05-09,3.1537,4.28036659935681
2025-05-12,3.1548,4.301663088774224
2025-05-13,3.1481,4.282991494715051
2025-05-14,3.1337,4.2589906042398
2025-05-15,3.1533,4.332683779434483
2025-05-16,3.1518,4.335119114167305
2025-05-19,3.1693000000000002,4.379137041283786
2025-05-20,3.1977,4.419014389914943
2025-05-21,3.1785,4.393406371162377
2025-05-22,3.1608,4.343565788946571
2025-05-23,3.1362,4.3639868610597015
2025-05-26,3.1478,4.362011432866208
2025-05-27,3.167,4.391700568921491
2025-05-28,3.1653000000000002,4.370180458135513
2025-05-29,3.1835,4.398033138232624
2025-05-30,3.168,4.356989595957948
2025-06-03,3.1884,4.405896003428487
2025-06-04,3.237,4.485395379203224
2025-06-05,3.2159,4.446191848333819
2025-06-06,3.2338,4.496119027894724
2025-06-09,3.2376,4.5217868681263536
2025-06-10,3.2142,4.485550291930028
2025-06-11,3.2141,4.50139015220584
2025-06-12,3.2126,4.490369816554833
2025-06-13,3.2312,4.423158438110035
2025-06-16,3.28,4.448642332332909
2025-06-17,3.3727,4.431579071651887
2025-06-18,3.3247999999999998,4.387348975033848
2025-06-19,3.2875,4.307671824320421
2025-06-20,3.2857,4.385171643734977
2025-06-23,3.3051,4.45566225491395
2025-06-24,3.3484,4.539879365577481
2025-06-25,3.3558000000000003,4.53895721213617
2025-06-26,3.3538,4.551949510448591
2025-06-27,3.3643,4.642482986847912
2025-06-30,3.3925,4.626094989843284
2025-07-01,3.3936,4.631833092913754
2025-07-02,3.4057,4.641318844873975
2025-07-03,3.4052000000000002,4.643658336355554
2025-07-04,3.388,4.599527276233052
2025-07-07,3.4409,4.657607005555954
2025-07-08,3.5052000000000003,4.670447178444503
2025-07-09,3.5216,4.675366615210063
2025-07-10,3.5284,4.676217182667828
2025-07-11,3.5274,4.655310083079
2025-07-14,3.5208,4.69944946624264
2025-07-15,3.4705,4.6365065248103825
2025-07-16,3.5032,4.67216274742019
2025-07-17,3.4997,4.6908889303354835
2025-07-18,3.4951,4.680846961202096
2025-07-21,3.5322,4.7328020457102555
2025-07-22,3.5301,4.721655586277283
2025-07-23,3.5180000000000002,4.726036858615089
2025-07-24,3.5380000000000003,4.749218720670705
2025-07-25,3.5552,4.790775868169968
2025-07-28,3.5707999999999998,4.797480968749649
2025-07-29,3.5691,4.749126008527835
2025-07-30,3.5925,4.765062554872169
2025-07-31,3.5481,4.710890378601768
2025-08-01,3.5812,4.758284245582871
2025-08-04,3.5992,4.790783123427904
2025-08-05,3.6068000000000002,4.853432464099935
2025-08-06,3.6001,4.869021830013304
2025-08-07,3.6155,4.8616185772514315
2025-08-08,3.6824,4.909553083149967
2025-08-11,3.7495,4.964109392939635
2025-08-12,3.7129000000000003,4.965896262411192
2025-08-13,3.6957,4.933335213381697
2025-08-14,3.6471,4.890814226246326
2025-08-15,3.6576,4.849273601164654
2025-08-18,3.6652,4.875500417503181
2025-08-19,3.7023,4.917183782952343
2025-08-20,3.7097,4.936463684074105
2025-08-21,3.7283999999999997,4.953040168032822
2025-08-22,3.7119999999999997,4.911125769005043
2025-08-25,3.7188999999999997,4.908629694164115
2025-08-26,3.7407999999999997,4.956133307861544
2025-08-27,3.6670999999999996,4.823295191849924
2025-08-28,3.6458999999999997,4.808329122075757
2025-08-29,3.6308,4.792084828879653
2025-09-01,3.6573,4.838922527235412
2025-09-02,3.635,4.818422334517444
2025-09-03,3.5755,4.752303869493436
2025-09-04,3.603,4.792872717227335
2025-09-05,3.6313999999999997,4.812697232899807
2025-09-08,3.6618,4.872807901692142
2025-09-09,3.6685000000000003,4.872438239730035
2025-09-10,3.7024,4.893492443263765
2025-09-11,3.6891000000000003,4.898957285517452
2025-09-12,3.6641000000000004,4.878029506449158
2025-09-15,3.6645999999999996,4.872010885479682
2025-09-16,3.6777999999999995,4.913242584404839
2025-09-17,3.6618,4.889919618538328
2025-09-18,3.6245,4.815801936038476
2025-09-19,3.6264,4.79990674573186
2025-09-22,3.5944,4.75705495459881
2025-09-23,3.5465,4.699446328700908
2025-09-24,3.6031999999999997,4.789251043547458
2025-09-25,3.5679000000000003,4.810791265003375
2025-09-26,3.5848,4.8407313270805075
2025-09-29,3.6129000000000002,4.858829389517621
2025-09-30,3.6222000000000003,4.8662897309791
2025-10-09,3.6231,4.840359179657847
2025-10-10,3.6541,4.921444270616931
2025-10-13,3.6368,4.897068671163929
2025-10-14,3.6404,4.914617647051306
2025-10-15,3.6538,4.941744878308029
2025-10-16,3.6307,4.900354437194299
2025-10-17,3.6355,4.894206812057527
2025-10-20,3.6811000000000003,4.939110247653889
2025-10-21,3.7214,5.034791560739238
2025-10-22,3.7563999999999997,5.101102322313932
2025-10-23,3.7881,5.116638712603153
2025-10-24,3.7615,5.119115238663375
2025-10-27,3.7575,5.091120218627762
2025-10-28,3.7437,5.121430867817739
2025-10-29,3.7295999999999996,5.08690435559291
2025-10-30,3.6937,5.07744220514899
2025-10-31,3.7104000000000004,5.121477322506897
2025-11-03,3.7517,5.154318439655124
2025-11-04,3.7698,5.158490887062495
2025-11-05,3.7732,5.173166616075147
2025-11-06,3.7704000000000004,5.194563150703826
2025-11-07,3.7839,5.186241833140845
2025-11-10,3.7801,5.232670279714808
2025-11-11,3.8158999999999996,5.22833827279955
2025-11-12,3.8276999999999997,5.236498483400628
2025-11-13,3.8812,5.249617270778139
2025-11-14,3.9261,5.289090364210617
2025-11-17,3.9241,5.292827978049465
2025-11-18,3.9052,5.268611779565529
2025-11-19,3.8557,5.180893463735779
2025-11-20,3.8537,5.1407344588370805
2025-11-21,3.7292,4.972684625948581
2025-11-24,3.7793,5.024176169784105
2025-11-25,3.7925,5.076291850721964
2025-11-26,3.7924,5.04211587984867
2025-11-27,3.7913,5.09513142774645
2025-11-28,3.8387000000000002,5.18613508333983
2025-12-01,3.8952,5.169906473570636
2025-12-02,3.8789999999999996,5.17892608366985
2025-12-03,3.8525,5.219936704070353
2025-12-04,3.8342,5.177888472541364
2025-12-05,3.8567,5.229144271382051
2025-12-08,3.8693,5.308142994299044
2025-12-09,3.8422,5.263665995506305
2025-12-10,3.8133999999999997,5.219106233564021
2025-12-11,3.7415,5.152308923256696
2025-12-12,3.6982,5.106482085467735
2025-12-15,3.7121,5.118969073665218
2025-12-16,3.6798,5.062402980763175
2025-12-17,3.7381,5.1509842287690075
2025-12-18,3.787,5.225678805912146
2025-12-19,3.8712,5.278949157272619
2025-12-22,3.8105,5.2797518901753895
2025-12-23,3.8122000000000003,5.2343432082577825
2025-12-24,3.8119,5.2447615109092975
2025-12-25,3.8347,5.278529429312218
2025-12-26,3.8204000000000002,5.244673513033512
2025-12-29,3.8484,5.270269719901304
2025-12-30,3.7988,5.251554963831586
2025-12-31,3.7897000000000003,5.2801733893426634
2026-01-05,3.7999,5.309596084443312
2026-01-06,3.7969,5.354254604054376
2026-01-07,3.7864999999999998,5.294601929025497
2026-01-08,3.8306,5.412037438594751
2026-01-09,3.8552,5.486267351749194
2026-01-12,3.8581,5.610715180972866
2026-01-13,3.8605,5.5982807879171075
2026-01-14,3.8476,5.590116513042168
2026-01-15,3.8462,5.5870895833593375
2026-01-16,3.8575999999999997,5.576160412543922
2026-01-19,3.906,5.655414327210299
2026-01-20,3.9257,5.6603456613468515
2026-01-21,3.9455,5.725054679134155
2026-01-22,3.9873000000000003,5.784832984340061
2026-01-23,3.9811,5.7711705617110525
2026-01-26,3.9554,5.75710788121151
2026-01-27,3.9488,5.733611368818639
2026-01-28,3.918,5.701670647277017
2026-01-29,3.9319,5.695969312845387
2026-01-30,3.9691,5.773337972437397
2026-02-02,3.9795,5.750002319766567
2026-02-03,3.9937,5.8646686551813785
2026-02-04,4.0199,5.896143238515374
2026-02-05,4.023899999999999,5.904814162139774
2026-02-06,4.0247,5.937795808645117
2026-02-09,4.052,5.988938157680211
2026-02-10,4.031700000000001,5.990373349441707
2026-02-11,4.0227,5.949999374421864
2026-02-12,3.9788,5.898094277234818
2026-02-13,3.9745,5.923168217688615
2026-02-24,4.0183,5.983975263717912
2026-02-25,4.028700000000001,5.974515927842786
2026-02-26,4.026,5.944276866106749
2026-02-27,4.0267,5.9902529972757295
2026-03-02,3.9716000000000005,5.8265762775055
2026-03-03,3.8895,5.748683244704022
2026-03-04,3.8901,5.714715981140001
2026-03-05,3.9019,5.752085051665411
2026-03-06,3.9544,5.864448936645908
2026-03-09,3.9391000000000003,5.847684242296305
2026-03-10,4.0032,5.938170908984539
2026-03-11,3.9885,5.916076346436654
2026-03-12,3.9607,5.860176485186529
2026-03-13,3.9599,5.853509125992942
2026-03-16,3.9652999999999996,5.8451096841913435
2026-03-17,3.9191000000000003,5.769191332814725
2026-03-18,3.9476,5.818136194861657
2026-03-19,3.8843,5.722637730825572
2026-03-20,3.8004000000000002,5.600659286517571
2026-03-23,3.7192000000000003,5.492535296626188
2026-03-24,3.8035,5.648272297610883
2026-03-25,3.8529,5.723156776348146
2026-03-26,3.8438,5.6903583566590275
2026-03-27,3.8599,5.722760368240862
2026-03-30,3.8722000000000003,5.759939190246349
2026-03-31,3.8322000000000003,5.713676449000189
2026-04-01,3.8222000000000005,5.760677646419478
2026-04-02,3.8222000000000005,5.760677646419478
2026-04-03,3.8222000000000005,5.760677646419478
2026-04-07,3.8222000000000005,5.760677646419478
2026-04-08,3.822,5.760677646419478
2026-04-09,3.8223000000000003,5.760677646419478
2026-04-10,3.8223000000000003,5.760677646419478
2026-04-13,3.8226,5.760677646419478
2026-04-14,3.8232,5.760677646419478
2026-04-15,3.8232999999999997,5.760677646419478
2026-04-16,3.8232999999999997,5.760677646419478
2026-04-17,3.8239,5.760677646419478
2026-04-20,3.8239,5.760677646419478
2026-04-21,3.8241,5.760677646419478
2026-04-22,3.8245999999999998,5.760677646419478
2026-04-23,3.8244,5.760677646419478
2026-04-24,3.824,5.760677646419478
2026-04-27,3.8232,5.760677646419478
2026-04-28,3.8237,5.760677646419478
2026-04-29,3.824,5.760677646419478
2026-04-30,3.824,5.760677646419478
2026-05-06,3.8236000000000003,5.760677646419478
2026-05-07,3.7910000000000004,5.760677646419478
2026-05-08,3.8094,5.760677646419478
2026-05-11,3.8059,5.760677646419478
2026-05-12,3.7826,5.685629506462711
2026-05-13,3.7642,5.669712283629571
2026-05-14,3.7588,5.666971408962761
2026-05-15,3.7264999999999997,5.6314580182658265
2026-05-18,3.7414,5.674292784733451
2026-05-19,3.7283,5.666482116938776
2026-05-20,3.7060000000000004,5.609216298590962
2026-05-21,3.6277,5.45071960966815
2026-05-22,3.6187,5.493958734771724
2026-05-25,3.6188,5.463658734771723
2026-05-26,3.6151999999999997,5.386592132433123
2026-05-27,3.5751999999999997,5.333522828812843
2026-05-28,3.5742000000000003,5.31998886167798
2026-05-29,3.5409,5.306049447497742
2026-06-01,3.5987999999999998,5.364610642081049
2026-06-02,3.5281000000000002,5.217568234478646
2026-06-03,3.4957,5.141808570721344
2026-06-04,3.4796,5.064297378569159
2026-06-05,3.4895,5.067325082144635
2026-06-08,3.4722,5.067325082144635
2026-06-09,3.4574000000000003,5.054929841463269
2026-06-10,3.4475,5.032966519134252
2026-06-11,3.4281,4.99117332163007
2026-06-12,3.4515000000000002,5.052272762917235
2026-06-15,3.4187,4.969720680412656
2026-06-16,3.4121,4.951415315829807
2026-06-17,3.3767,4.8742130124882515
2026-06-18,3.394,4.857955378660699
2026-06-22,3.3956999999999997,4.860142581647593
2026-06-23,3.3817,4.922161491803949
2026-06-24,3.3075,4.781135920331836
2026-06-25,3.2681,4.737190973787185
2026-06-26,3.2681999999999998,4.709889717552806
2026-06-29,3.2685,4.716527640018212
2026-06-30,3.2502,4.666105887262817
2026-07-01,3.295,4.776197009472039
2026-07-02,3.2965999999999998,4.772163196915169
2026-07-03,3.333,4.853948841535711
2026-07-06,3.3257,4.8304902770736575
2026-07-07,3.2627,4.7224604522946265
2026-07-08,3.2558000000000002,4.7095281481190705
2026-07-09,3.2454,4.68215814811907
2026-07-10,3.2793,4.75624814811907
2026-07-13,3.2340999999999998,4.6682381481190705
2026-07-14,3.2754,4.75637279611907
2026-07-15,3.2882,4.81667279611907
2026-07-16,3.3475,4.86550279611907
2026-07-17,3.2516,4.72998279611907
2026-07-20,3.201,4.6065627961190705
2026-07-21,3.1722,4.537621812360254
2026-07-22,3.1593,4.514828586293102
2026-07-23,3.1875,4.556439048373402
2026-07-24,3.1669,4.517869048373402
2026-07-27,3.1897,4.554549048373402
2026-07-28,3.2032,4.601432677373402
2026-07-29,3.246,4.697602677373402
2026-07-30,3.2283,4.704482677373401
2026-07-31,3.274,4.778842677373402
2026-08-03,3.3352,4.904712677373402
2026-08-04,3.3577,4.928981169373403
2026-08-05,3.3638,4.912721169373403
2026-08-06,3.3772,4.931211169373403
2026-08-07,3.3661000000000003,4.9162011693734025
2026-08-10,3.4267,5.022611169373403
2026-08-11,3.4478999999999997,5.0109074763734025
2026-08-12,3.4578,5.026137476373402
2026-08-13,3.427,4.992727476373402
2026-08-14,3.4666,4.989917476373402
2026-08-18,3.5782,5.033295760373402
2026-08-19,3.4918,4.951075760373402
2026-08-20,3.4731,5.020065760373402
2026-08-21,3.4453,5.018075760373402
